SPU,Goods name,Number of SKCs for Sale,Sales Volume,Gross Merchandise Volume,가격 제안,Product image link
i250319621476,2pcs Pajama Sets For Women Solid Long Sleeve Tee & Pants PJ Set,0,0,0.0,재고 없음 – 판매 대상 아님,https://img.ltwebstatic.com/v4/j/spmp/2025/04/25/d5/1745528399d87bfcf74ad7ca5b47c618666d838c6f.jpg
i250329274079,Summer Solid Color Scoop Neck Short Sleeve Romper For Women Casual Fitted Slim Fit Bodycon Romper,16,5,51.35,판매 양호 – 현재 가격 유지 또는 소폭 인상,https://img.ltwebstatic.com/v4/j/spmp/2025/06/12/e6/174966092354cf84b3acf43d02feab8378030136e4.jpg
i250410171276,Women's Sleeveless Bodycon Romper Square Neck Tank Top For Summer Basic Loungewear,4,0,0.0,판매 없음 – 가격 인하 또는 스타일 변경 제안,https://img.ltwebstatic.com/v4/j/spmp/2025/05/31/57/1748642202e97bc9abc742d50b77b349ef688c5559.jpg
z24071015759,Off Shoulder Smocking Dress,0,0,0.0,재고 없음 – 판매 대상 아님,https://img.ltwebstatic.com/images3_spmp/2024/07/10/40/1720552456282b4f6d09bad6463f5d153992bf2b72.jpg
z24071019871,Plaid Printed V-Neck Ruffle Dress,0,0,0.0,재고 없음 – 판매 대상 아님,https://img.ltwebstatic.com/images3_spmp/2024/07/10/d6/1720626248dc39a23a435366b9d27196a31475eb26.jpg
z24071033404,Waist Strap Long Jacket,0,0,0.0,재고 없음 – 판매 대상 아님,https://img.ltwebstatic.com/images3_spmp/2024/07/10/b8/17205431318c15a2172f6a37e725ba0179af32ebc2.jpg
z24071275674,Gingham Check Ruffle Mini Dress,0,0,0.0,재고 없음 – 판매 대상 아님,https://img.ltwebstatic.com/images3_spmp/2024/07/12/aa/17207406488781cdfbaca69102380f7e024a2da441.jpg
z24071293733,Buttoned Butterfly Sleeve Maxi Dress,0,0,0.0,재고 없음 – 판매 대상 아님,https://img.ltwebstatic.com/images3_spmp/2024/07/12/bd/17207349793af93b8460b278add550d7f4693aaaf4.jpg
z24071307295,Button Closure Woven Pants,0,0,0.0,재고 없음 – 판매 대상 아님,https://img.ltwebstatic.com/images3_spmp/2024/07/13/24/17208039198a6a34c928a7a90720992bd9722e4584.jpg
z24071345508,Sweet Heart Top And Pants Sets,0,0,0.0,재고 없음 – 판매 대상 아님,https://img.ltwebstatic.com/images3_spmp/2024/07/13/e0/172080317933afa6f26a0640c02a970d5ab21b8e2f.jpg
z24071651545,BMG Athletic French Terry Graphic Sweatshirt,0,0,0.0,재고 없음 – 판매 대상 아님,https://img.ltwebstatic.com/images3_spmp/2024/07/16/2a/172105981255c67f79ad1d2e8ee3fc9b4f0e62fffb.jpg
z24071755858,Stripe Pocket Top,0,0,0.0,재고 없음 – 판매 대상 아님,https://img.ltwebstatic.com/images3_spmp/2024/07/17/d7/17211477887143325042633e4d3e2b20da57f6e3e0.jpg
z24071999877,Front Tie Satin Midi Dress,0,0,0.0,재고 없음 – 판매 대상 아님,https://img.ltwebstatic.com/images3_spmp/2024/07/19/bd/172131979028259c31d61be3ee0d61588d77acce3b.jpg
z24091738800,Long Sleeve Layered Rib Knit T-Shirt,0,0,0.0,재고 없음 – 판매 대상 아님,https://img.ltwebstatic.com/images3_spmp/2024/09/17/5f/17265198239a3872a64743bc95dadec8a1507882eb.jpg
z24091777121,GOAT Greatest Of All Time Ribbed Long Sleeve Graphic Tee,0,0,0.0,재고 없음 – 판매 대상 아님,https://img.ltwebstatic.com/images3_spmp/2024/09/17/ef/172651880799fe83b4f83158953fcf41a4c2f40a86.jpg
z24091834110,Sweater-Knit Fuzzy Mock Neck Split Thigh Dress,0,0,0.0,재고 없음 – 판매 대상 아님,https://img.ltwebstatic.com/v4/j/spmp/2025/05/03/60/1746201601f31a6b9561079fee3771837ae42f5add.jpg
z24091913154,Women's Ribbed Knit Long Sleeve Snap Button Down Crop Top For Spring Summer,7,21,275.62,판매 양호 – 현재 가격 유지 또는 소폭 인상,https://img.ltwebstatic.com/v4/j/spmp/2025/06/06/e2/1749156602b7c85364ece4efc905c6999340d44e33.jpg
z24091976591,Lettuce Edge Lace Trim Long Sleeve Rib Knit Crop Top,0,0,0.0,재고 없음 – 판매 대상 아님,https://img.ltwebstatic.com/images3_spmp/2024/09/19/e4/172667817771ff3c5d1a666b7c902714e3485dedbf.jpg
z24092026616,"Women's Solid Color Mesh Biker Shorts For Summer, Sexy Casual Beach Cover Up Pants",2,87,1039.78,판매 양호 – 현재 가격 유지 또는 소폭 인상,https://img.ltwebstatic.com/v4/j/spmp/2025/05/15/aa/17472643900b0c76cb9dfee5049e7c2249cc16da8f.jpg
z24092049415,Women's Soft French Terry Casual Shorts For Spring Summer,5,2,30.06,판매 저조 – 가격 재조정 또는 프로모션 추천,https://img.ltwebstatic.com/v4/j/spmp/2025/05/28/b2/1748383736f5568dc69bece2d27cc76ced5f1cbb8f.jpg
z24092066001,Women's Sexy Sheer Mesh Long Sleeve Bodysuit For Summer,3,1,13.36,판매 저조 – 가격 재조정 또는 프로모션 추천,https://img.ltwebstatic.com/v4/j/spmp/2025/07/02/23/17514031688966d145416847bfac55b9e475261050.jpg
z24092501341,Women's Mock Neck Solid Color Long Sleeve Casual T Shirt Top,9,0,0.0,판매 없음 – 가격 인하 또는 스타일 변경 제안,https://img.ltwebstatic.com/v4/j/spmp/2025/05/28/f7/174838393943ad13bd9172a1128fb337173addbb89.jpg
z24100137771,2pcs Women's Rib Knit Cardigan & Cami Midi Bodycon Dress Casual Loungewear,13,4,65.93,판매 저조 – 가격 재조정 또는 프로모션 추천,https://img.ltwebstatic.com/v4/j/spmp/2025/05/02/e2/174613645818ad448b22b8e8fd7a4182d92bb5fcb0.jpg
z24100146116,3pcs Women's Soft French Terry Cropped Cami Top With Zip-Up Hoodie Jacket And Joggers Set,6,0,0.0,판매 없음 – 가격 인하 또는 스타일 변경 제안,https://img.ltwebstatic.com/v4/j/spmp/2025/05/02/d3/17461386762c37e45faa70ae17e2408713dfb869c5.jpg
z24100251007,Plus Size Sexy Sheer Mesh Long Sleeve Bodysuit - USA,0,0,0.0,재고 없음 – 판매 대상 아님,https://img.ltwebstatic.com/images3_spmp/2024/10/02/83/172780181670912c3bf45d3cb78f14582f885c68ff.jpg
z24120456929,Women's Rib Knit Front Cutout Long Sleeve Bodysuit,6,0,0.0,판매 없음 – 가격 인하 또는 스타일 변경 제안,https://img.ltwebstatic.com/v4/j/spmp/2025/05/02/e3/1746135869b5ab41491757294a293128eec4b8c3fc.jpg
z24120634643,Ribbed Mock Neck Bodycon Mini Dress - USA,0,0,0.0,재고 없음 – 판매 대상 아님,https://img.ltwebstatic.com/v4/j/spmp/2025/05/02/f3/174613383455ac7f60aaf156f44e9cc03eb1ca6668.jpg
z24121038821,Women's Ribbed Button Front Split Long Sleeve Crop Top,10,0,0.0,판매 없음 – 가격 인하 또는 스타일 변경 제안,https://img.ltwebstatic.com/v4/j/spmp/2025/06/12/cb/1749663002f93116b9c54d4686aeb0ab4f6c4a2d43.jpg
z24121827878,Women's Soft Casual Drawstring Waist Slant Pocket Sweatpants For All Season,7,0,0.0,판매 없음 – 가격 인하 또는 스타일 변경 제안,https://img.ltwebstatic.com/v4/j/spmp/2025/05/29/eb/174846430851a95ea85dc332562f4f6c9d7e2a7e93.jpg
z24121892710,Plus Size Women's Bustier Crop Cami Top & Slant Pocket Straight Pants Sets,4,0,0.0,판매 없음 – 가격 인하 또는 스타일 변경 제안,https://img.ltwebstatic.com/v4/j/spmp/2025/05/02/ac/1746130889707a6412a3b7905358f9bc3d1664b0e0.jpg
z24122119907,Ruched Long Sleeve Midi Dress - USA,0,0,0.0,재고 없음 – 판매 대상 아님,https://img.ltwebstatic.com/v4/j/spmp/2025/05/02/f9/1746125720c31e4209ee8747894a41d1b5629f7d2d.jpg
z24122149491,Sweater-Knit Fuzzy Frenchy Tie Front Cami Jumpsuit - USA,0,0,0.0,재고 없음 – 판매 대상 아님,https://img.ltwebstatic.com/v4/j/spmp/2025/05/31/9c/17486354040563ba970029cdddecc56987bad6d52e.jpg
z24122164555,Split Neck Tank Mini Bodycon Dress - USA,0,0,0.0,재고 없음 – 판매 대상 아님,https://img.ltwebstatic.com/v4/j/spmp/2025/05/02/dd/1746127142e2d17a07942595c40a53918962035085.jpg
z24122178378,Ribbed Wrap Front Long Sleeve Top - USA,0,0,0.0,재고 없음 – 판매 대상 아님,https://img.ltwebstatic.com/v4/j/spmp/2025/05/02/6c/174612411929831be2907c55e48cf4e8eef2ad69f9.jpg
z24122799979,Women's Rib Knit Cut Out Front Crop Top T-Shirt Casual Sexy Outfit For Summer,5,0,0.0,판매 없음 – 가격 인하 또는 스타일 변경 제안,https://img.ltwebstatic.com/v4/j/spmp/2025/06/06/9c/17491571004a4277b923badc03f689364c458c9313.jpg
z25010317936,Tie Waist Long Sleeve Jumpsuit - USA,0,0,0.0,재고 없음 – 판매 대상 아님,https://img.ltwebstatic.com/v4/j/spmp/2025/05/02/ab/1746122512273ee987ac2ea6b7f9fdd1655e449303.jpg
z25010409983,Women's Crew Neck Long Sleeve Cropped Top For Spring Summer,11,3,32.379999999999995,판매 저조 – 가격 재조정 또는 프로모션 추천,https://img.ltwebstatic.com/v4/j/spmp/2025/06/07/c5/1749244561f022acd0f6113820264a05106f566302.jpg
z25010473053,Ribbed Cut Out Front Long Sleeve Bodycon Mini Dress - USA,0,0,0.0,재고 없음 – 판매 대상 아님,https://img.ltwebstatic.com/v4/j/spmp/2025/05/02/c3/1746121129c829024c9f8b1a7dc5a1c5e36b55ae0f.jpg
z25010489461,Women's Soft French Terry Crop Zip Up Hoodie Jacket,6,0,0.0,판매 없음 – 가격 인하 또는 스타일 변경 제안,https://img.ltwebstatic.com/v4/j/spmp/2025/05/02/e4/1746119781a6fe11a92226af6471770065e62c2ca4.jpg
z25010830061,"2PCS Women's Y2K Base Top, Square Neck Long Sleeve T-Shirts, Fashionable Casual Long Sleeve, Spring Autumn Winter Solid Color Slim Fit Street Wear Base Crop Tops ﻿ - USA",0,0,0.0,재고 없음 – 판매 대상 아님,https://img.ltwebstatic.com/images3_spmp/2025/01/08/a7/17362726082c5b37179065d9f14e218eac08219123.jpg
z25010846804,3 Packs- Wide Band Waisted Leggings For Women Ultra Soft Stretch Slim Yoga Sports Leggings - USA,3,0,0.0,판매 없음 – 가격 인하 또는 스타일 변경 제안,https://img.ltwebstatic.com/images3_spmp/2025/01/08/e3/1736271159a2cd498f4bfe61933f3c015b06e8673f.jpg
z25011029222,Women's Sexy Sheer Mesh Long Sleeve Crop Top Shirt,3,3,34.28,판매 저조 – 가격 재조정 또는 프로모션 추천,https://img.ltwebstatic.com/v4/j/spmp/2025/05/02/7f/1746115326c27c966e4de92eefaf85b205c44e1e3f.jpg
z25011045222,Women's Solid Color Ribbed Mermaid Hem Cami Maxi Dress Sexy Dress,8,0,0.0,판매 없음 – 가격 인하 또는 스타일 변경 제안,https://img.ltwebstatic.com/v4/j/spmp/2025/05/31/39/174862429512a6ea10c1e8fcb0c70f2b1ea1078a81.jpg
z25011050540,"3PCS Set Casual Solid Fit Tank Tops For Women, Suitable For Summer",2,0,0.0,판매 없음 – 가격 인하 또는 스타일 변경 제안,https://img.ltwebstatic.com/images3_spmp/2025/01/10/ff/1736459623788a5a959a3f016a92dd1e031608577a.jpg
z250111207227,Ribbed Turtleneck Long Sleeve Top - USA,0,0,0.0,재고 없음 – 판매 대상 아님,https://img.ltwebstatic.com/v4/j/spmp/2025/05/01/e3/1746051952205e4af0a1bfdfdbeeae383645933c16.jpg
z250111808824,Ribbed Crew Neck Long Sleeve Tee - USA,0,0,0.0,재고 없음 – 판매 대상 아님,https://img.ltwebstatic.com/v4/j/spmp/2025/05/01/ce/1746050320d650360e15ed5ac7e104fbc148fff515.jpg
z250111922777,Ribbed Button Up Long Sleeve Crop Top - USA,0,0,0.0,재고 없음 – 판매 대상 아님,https://img.ltwebstatic.com/v4/j/spmp/2025/05/01/df/174604837487b454f8caea2ed7b78521eb635b6d7a.jpg
z250115061307,"Plus Size Women's Stripe Tie-Dye Printed Maxi Dress For Summer, Vacay Resort",2,12,240.24,판매 양호 – 현재 가격 유지 또는 소폭 인상,https://img.ltwebstatic.com/v4/j/spmp/2025/05/01/c9/174604714832fce2b867709b72c9595cf0a65c9639.jpg
z250115174981,Women's Strapless Corset Top & Flare Pants Sets For Summer,4,0,0.0,판매 없음 – 가격 인하 또는 스타일 변경 제안,https://img.ltwebstatic.com/v4/j/spmp/2025/06/11/b8/17495910178f5fcfcb97c0e171351a43e09ef5479d.jpg
z250115379916,"Women's Stripe Tie-Dye Printed Maxi Dress For Summer, Vacay Resort",5,1,19.98,판매 저조 – 가격 재조정 또는 프로모션 추천,https://img.ltwebstatic.com/v4/j/spmp/2025/05/01/bd/1746046195ce371bbdb38c270e801137f83bbfd33f.jpg
z250118121528,Ruched Poly Mesh Leggings - USA,0,0,0.0,재고 없음 – 판매 대상 아님,https://img.ltwebstatic.com/v4/j/spmp/2025/05/01/88/1746045670ea4a131603e2eefbbafd156a378ebd1d.jpg
z250118226311,Women's Drawstring Waist Wide Leg Minimalist Pants For Summer,1,0,0.0,판매 없음 – 가격 인하 또는 스타일 변경 제안,https://img.ltwebstatic.com/v4/j/spmp/2025/05/01/d2/174604496130fdce607fac2157dc702677b80944d3.jpg
z250118333133,Seam Front High Waist Mesh Leggings - USA,0,0,0.0,재고 없음 – 판매 대상 아님,https://img.ltwebstatic.com/v4/j/spmp/2025/05/01/1c/174604542287c53f1b5db4229cecdfe0da626a6ba6.jpg
z250118336545,Plus Size Seam Front High Waist Mesh Leggings - USA,0,0,0.0,재고 없음 – 판매 대상 아님,https://img.ltwebstatic.com/v4/j/spmp/2025/05/01/4f/17460452876b0f3b61f6c7fe9bb6db4e65c82d4e78.jpg
z250118633332,Women's Sheer Nylon Mesh Side Slit High Waist Flared Pants For Summer,1,0,0.0,판매 없음 – 가격 인하 또는 스타일 변경 제안,https://img.ltwebstatic.com/images3_spmp/2025/02/27/a3/17406051047acadf8ecca7976dfc0613d598454908.jpg
z250122724856,Sleeveless Jogger Jumpsuit - USA,0,0,0.0,재고 없음 – 판매 대상 아님,https://img.ltwebstatic.com/v4/j/spmp/2025/05/01/d8/1746041640001971c03fde6415a2afb79968171cf8.jpg
z250122755282,"Plus Size Women's Sleeveless Jogger Jumpsuit, Curvy Outfits For Summer",7,3,57.81,판매 저조 – 가격 재조정 또는 프로모션 추천,https://img.ltwebstatic.com/v4/j/spmp/2025/05/01/f8/1746040206f4a586ba31d7281f856d643be86db8e7.jpg
z250125055525,French Terry Camo Print Joggers - USA,0,0,0.0,재고 없음 – 판매 대상 아님,https://img.ltwebstatic.com/v4/j/spmp/2025/05/01/f9/17460386752dbbf2f3bbec3ddcbd0bc298238ed121.jpg
z250125667720,Women's Solid Color Casual Basic Side Pocket Tee Dress For Summer,4,47,681.12,판매 양호 – 현재 가격 유지 또는 소폭 인상,https://img.ltwebstatic.com/v4/j/spmp/2025/05/01/f4/17460394856cc4d8613f777082f43a790abefe31a6.jpg
z250129332999,Solid Sleeveless Wide Leg Jumpsuit - USA,0,0,0.0,재고 없음 – 판매 대상 아님,https://img.ltwebstatic.com/v4/j/spmp/2025/05/01/94/17460381193287c7d7a5e80dda188b5157b8b2de06.jpg
z250129436320,Women's Ribbed Knit Cut Out One Shoulder Crop Top For Summer,4,0,0.0,판매 없음 – 가격 인하 또는 스타일 변경 제안,https://img.ltwebstatic.com/v4/j/spmp/2025/04/30/d0/1745960802e3c881cacd52825dac6ea9896d3ce71e.jpg
z250129931479,Women's Ribbed Round Neck Long Sleeve Top Casual Basic T-Shirt,5,0,0.0,판매 없음 – 가격 인하 또는 스타일 변경 제안,https://img.ltwebstatic.com/v4/j/spmp/2025/05/01/c8/174603691745a3e0a7883cb5a28325996990954c89.jpg
z250131343314,Women's Plunge Neck Split Thigh Mesh Maxi Dress Sexy Draped Mesh Flared Long Dress  Birthday Party Beach Swimsuit Cover Up,0,0,0.0,재고 없음 – 판매 대상 아님,https://img.ltwebstatic.com/v4/j/spmp/2025/06/06/de/174915548383444bbceb3bf4028f5d32aa13184499.jpg
z250131429266,Mesh Ruched Drawstring Side Midi Dress - USA,0,0,0.0,재고 없음 – 판매 대상 아님,https://img.ltwebstatic.com/v4/j/spmp/2025/05/01/f1/17460358724e869ac8eeb90089ff0f15bf396f3b87.jpg
z250201224344,Sheer Mesh Tie Front Crop Top & Ruched Side Mini Skirt - USA,0,0,0.0,재고 없음 – 판매 대상 아님,https://img.ltwebstatic.com/v4/j/spmp/2025/05/01/cf/17460337079680fd3ba16eb5f71a1d7dda3d82521f.jpg
z250201249222,Plus Size Sheer Mesh Tie Front Crop Top & Ruched Side Mini Skirt- USA,0,0,0.0,재고 없음 – 판매 대상 아님,https://img.ltwebstatic.com/v4/j/spmp/2025/05/01/6d/17460327272c9b97921211da3d45fc081555836719.jpg
z250201524240,Women's Cropped Strapless Top With Mesh For Summer,3,0,0.0,판매 없음 – 가격 인하 또는 스타일 변경 제안,https://img.ltwebstatic.com/v4/j/spmp/2025/05/01/85/17460312623203e4a7bcc6f44ff96d16f9cb454560.jpg
z250207544493,2pcs Women's Bustier Crop Cami Top & Slant Pocket Straight Pants Sets,5,0,0.0,판매 없음 – 가격 인하 또는 스타일 변경 제안,https://img.ltwebstatic.com/v4/j/spmp/2025/06/06/a5/1749158346634b5d3dc98da726f53ac129e221dc94.jpg
z250208533533,Scoop Neck Long Sleeve Bodycon Jumpsuit - USA,0,0,0.0,재고 없음 – 판매 대상 아님,https://img.ltwebstatic.com/v4/j/spmp/2025/04/30/e7/1745965160c8cffc4cd6496062b70bcfed38242c91.jpg
z250212526811,Women's Rib Knit Basic Casual Tank Top For Summer,7,0,0.0,판매 없음 – 가격 인하 또는 스타일 변경 제안,https://img.ltwebstatic.com/v4/j/spmp/2025/04/30/f4/1745963885986ed08f38435d06b71f4fb411933b68.jpg
z250214333243,"Women's Solid Color Mock Neck Short Sleeve Top, T-Shirt For Summer",5,1,7.7,판매 저조 – 가격 재조정 또는 프로모션 추천,https://img.ltwebstatic.com/v4/j/spmp/2025/04/30/da/1745962374b9db939952a6320de47c3ba2579fc846.jpg
z250214459588,Women's Solid Color Mock Neck Bell Sleeve Crop Top & Maxi Skirt Sets Casual Lounge,3,0,0.0,판매 없음 – 가격 인하 또는 스타일 변경 제안,https://img.ltwebstatic.com/v4/j/spmp/2025/04/30/99/1745963188dcd7a7372c658d7b919ff51d7da2c4a1.jpg
z250214985289,"Women's Solid Color Square Neck Long Sleeve Top, T-Shirt For All Season",5,1,10.94,판매 저조 – 가격 재조정 또는 프로모션 추천,https://img.ltwebstatic.com/v4/j/spmp/2025/04/30/97/17459616881363d594a6c55aaa7a95195d34a54de9.jpg
z250215163214,Mesh Mock Neck Sleeveless Top - USA,0,0,0.0,재고 없음 – 판매 대상 아님,https://img.ltwebstatic.com/v4/j/spmp/2025/04/30/67/1745959970daff4fda614d4f3dd40e3f2fa492b598.jpg
z250215312771,Zebra Print Sexy Sheer Mesh Top - USA,0,0,0.0,재고 없음 – 판매 대상 아님,https://img.ltwebstatic.com/v4/j/spmp/2025/04/30/50/17459594448763e105b6ad629197d9ea16324309b8.jpg
z250215329121,Plus Size Zebra Print Sexy Sheer Mesh Bodysuit - USA,0,0,0.0,재고 없음 – 판매 대상 아님,https://img.ltwebstatic.com/v4/j/spmp/2025/04/30/bb/1745958524181352bed1b959142bc14dd0bdb7272a.jpg
z250215456057,"3PCS Solid Ribbed Knit Cami Top For Women, Suitable For Summer",2,0,0.0,판매 없음 – 가격 인하 또는 스타일 변경 제안,https://img.ltwebstatic.com/images3_spmp/2025/02/15/62/17395561367430c86697646054da30de65adee85e3.jpg
z250215999543,Zebra Print Sexy Sheer Mesh Bodysuit - USA,0,0,0.0,재고 없음 – 판매 대상 아님,https://img.ltwebstatic.com/v4/j/spmp/2025/04/30/ef/1745958708954613b70ccdc261947af7e54af54d09.jpg
z250219412367,Ribbed V-Neck Short Sleeve Top - USA,0,0,0.0,재고 없음 – 판매 대상 아님,https://img.ltwebstatic.com/v4/j/spmp/2025/04/30/cf/17459581321e5488d62ec80a5b432c89cf02394469.jpg
z250219749943,"Women's High Split Mesh Sheer Maxi Skirt For Summer, Sexy Cover Up",3,3,38.47,판매 저조 – 가격 재조정 또는 프로모션 추천,https://img.ltwebstatic.com/v4/j/spmp/2025/04/30/df/1745954970cced92cfc352ebc47530ec54d449bbbf.jpg
z250222090484,Plus Side Pocket Elastic Waist Sweatpants,5,0,0.0,판매 없음 – 가격 인하 또는 스타일 변경 제안,https://img.ltwebstatic.com/v4/j/spmp/2025/05/29/d1/1748466388e631dc5eef16948b280b0e75df5a3aae.jpg
z250222149901,California Graphic Drop Shoulder Zip-Up Hoodie,4,5,71.72999999999999,판매 양호 – 현재 가격 유지 또는 소폭 인상,https://img.ltwebstatic.com/images3_spmp/2025/02/22/d4/1740176531e66cfb580f39d50a7bc0e8a9194596e2.jpg
z250222194941,Plus Size CHICAGO Graphic Drop Shoulder Pullover Hoodie,4,0,0.0,판매 없음 – 가격 인하 또는 스타일 변경 제안,https://img.ltwebstatic.com/images3_spmp/2025/02/22/82/17401735069b5d7ef77dbc2bb1a3062df4d937359f.jpg
z250222307617,Side Pocket Elastic Waist Sweatpants,6,0,0.0,판매 없음 – 가격 인하 또는 스타일 변경 제안,https://img.ltwebstatic.com/v4/j/spmp/2025/05/29/fc/1748464652bb7481a6317a8b1555ca19fc3e44bb20.jpg
z250222441691,Plus Size California Graphic Drop Shoulder Zip-Up Hoodie,4,11,174.21,판매 양호 – 현재 가격 유지 또는 소폭 인상,https://img.ltwebstatic.com/images3_spmp/2025/02/22/81/174017764229a2b60b8a3906f9887f8a50f6ca1663.jpg
z250222461255,Graphic Print Kangaroo Pocket Drawstring Hoodie,4,0,0.0,판매 없음 – 가격 인하 또는 스타일 변경 제안,https://img.ltwebstatic.com/images3_spmp/2025/02/22/c8/1740165709e31270fec7e4c5be35bdb23e8629aaad.jpg
z250222620075,CHICAGO Graphic Drop Shoulder Pullover Hoodie,3,0,0.0,판매 없음 – 가격 인하 또는 스타일 변경 제안,https://img.ltwebstatic.com/images3_spmp/2025/02/22/a6/174016879246f1acd1f74d300a6fe9742b25762661.jpg
z250222749652,EASTCOAST Graphic Kangaroo Pocket Drawstring Hoodie,3,0,0.0,판매 없음 – 가격 인하 또는 스타일 변경 제안,https://img.ltwebstatic.com/images3_spmp/2025/02/22/dd/1740167329b0ec62445d357d4db5b91bc149569b45.jpg
z250222912399,Plus Size Drawstring Waist Slant Pocket Sweatpants,5,0,0.0,판매 없음 – 가격 인하 또는 스타일 변경 제안,https://img.ltwebstatic.com/v4/j/spmp/2025/05/29/c7/1748462777d80ae9fe8a3c816b937c7098dd18b99d.jpg
z250222948954,"Letter Patch Crop Varsity Jacket With ""A"" Logo",2,13,171.92000000000002,판매 양호 – 현재 가격 유지 또는 소폭 인상,https://img.ltwebstatic.com/images3_spmp/2025/02/22/52/17401754764dbe84f2a3cfb613bf4b3f81610fdbd2.jpg
z250226122253,Graphic Drop Shoulder Sweatshirt,3,0,0.0,판매 없음 – 가격 인하 또는 스타일 변경 제안,https://img.ltwebstatic.com/images3_spmp/2025/02/26/d3/17405024421fd805a321da7b1dfccea8255a57dc2c.jpg
z250226177146,Plus Size MAINE Graphic Drop Shoulder Sweatshirt,4,0,0.0,판매 없음 – 가격 인하 또는 스타일 변경 제안,https://img.ltwebstatic.com/images3_spmp/2025/02/26/99/1740507075c6d4706bc04cbfd022e60ee05e73a94d.jpg
z250226211447,MAINE Graphic Drop Shoulder Sweatshirt,5,0,0.0,판매 없음 – 가격 인하 또는 스타일 변경 제안,https://img.ltwebstatic.com/v4/j/spmp/2025/05/31/8e/17486251664b904ce3f78263a98982675f74d27571.jpg
z250226241156,Plus Size EASTCOAST Graphic Kangaroo Pocket Drawstring Hoodie,4,0,0.0,판매 없음 – 가격 인하 또는 스타일 변경 제안,https://img.ltwebstatic.com/images3_spmp/2025/02/26/c9/1740500863da2afa4957091598b7b19350b391dc95.jpg
z250226282336,Graphic Drop Shoulder Zipper Up Hoodie (BROOKLYN Logo),4,0,0.0,판매 없음 – 가격 인하 또는 스타일 변경 제안,https://img.ltwebstatic.com/images3_spmp/2025/02/26/b5/1740511457a7c052fa38ea57a896200d286c3ed429.jpg
z250226535252,"Women's Sexy Mesh Sheer Short Sleeve Crop Top, Cover Up Summer T-Shirt",7,2,21.33,판매 저조 – 가격 재조정 또는 프로모션 추천,https://img.ltwebstatic.com/v4/j/spmp/2025/04/30/ea/1745953794d4ad3ab761329ec106c430242be5bd58.jpg
z250226558931,Letter Patch Varsity Jacket With Contrast Sleeves,3,0,0.0,판매 없음 – 가격 인하 또는 스타일 변경 제안,https://img.ltwebstatic.com/v4/j/spmp/2025/05/28/ae/1748365286ef730e4b7c0fe6d43352a388782879f8.jpg
z250226574474,UNIVERSITY Logo Graphic Drop Shoulder Zipper Up Hoodie,4,0,0.0,판매 없음 – 가격 인하 또는 스타일 변경 제안,https://img.ltwebstatic.com/images3_spmp/2025/02/26/c2/1740519030512d1554db9088bf14a4cb2688045304.jpg
z250226985854,Women's Sexy Mesh Sheer Solid Short Sleeve Bodysuit For Summer,2,22,303.74,판매 양호 – 현재 가격 유지 또는 소폭 인상,https://img.ltwebstatic.com/v4/j/spmp/2025/04/30/61/174595417896a58cccccf1e56c044461a2ecf08142.jpg
z250228921252,Plus Size One Shoulder Bodycon Mini Dress,0,0,0.0,재고 없음 – 판매 대상 아님,https://img.ltwebstatic.com/v4/j/spmp/2025/04/30/bb/1745951466a715767cb3d8b1ce6645a2d499252dcb.jpg
z250228951715,One Shoulder Bodycon Mini Dress -USA,0,0,0.0,재고 없음 – 판매 대상 아님,https://img.ltwebstatic.com/v4/j/spmp/2025/04/30/ed/1745952495e1acb01e0d3ad12b2a80c36a2143c556.jpg
z250301441996,"Plus Size Women's Tie-Dye Print Bodycon Mini Curvy Dress, Resort Vacay",4,8,115.01,판매 양호 – 현재 가격 유지 또는 소폭 인상,https://img.ltwebstatic.com/v4/j/spmp/2025/04/30/87/17459502418e45448edd8b036be6a5350e79ff4769.jpg
z250301562542,"Women's Tie-Dye Print Bodycon Mini Dress For Summer, Resort Vacay",4,0,0.0,판매 없음 – 가격 인하 또는 스타일 변경 제안,https://img.ltwebstatic.com/v4/j/spmp/2025/04/30/fa/1745951049ca262694d613a8894662104f3e559c4c.jpg
z250305023537,Women's Long Sleeve Crop Top & High Waist Leggings Activewear Set,4,0,0.0,판매 없음 – 가격 인하 또는 스타일 변경 제안,https://img.ltwebstatic.com/v4/j/spmp/2025/06/11/77/174959468525e0b3de3bfbed75f453f0449742b7ac.jpg
z250305565584,Women's Casual Contrast Side Stripe Flare Pants Wide Leg Pants For Summer Spring,0,0,0.0,재고 없음 – 판매 대상 아님,https://img.ltwebstatic.com/v4/j/spmp/2025/05/31/30/17486241050cd856fc3f734af27776d0424ac9570d.jpg
z250306116156,Women's Ribbed Ruched Drawstring Surplice Top For Summer,4,0,0.0,판매 없음 – 가격 인하 또는 스타일 변경 제안,https://img.ltwebstatic.com/v4/j/spmp/2025/04/30/e2/1745947957366417f1454155c6c45efc920decf2d0.jpg
z250306383281,"Women's Solid Color Batwing Sleeve Twist Front Tee, Summer T-Shirt",4,2,21.89,판매 저조 – 가격 재조정 또는 프로모션 추천,https://img.ltwebstatic.com/v4/j/spmp/2025/04/26/f5/17456225878d09c707aa62f48e94394b4575a63604.jpg
z250306775698,"Plus Size Women's Ribbed Ruched Drawstring Surplice Top, Curvy T-Shirt For Summer",5,47,771.5400000000001,판매 양호 – 현재 가격 유지 또는 소폭 인상,https://img.ltwebstatic.com/v4/j/spmp/2025/04/30/d3/17459472682abfec8d73b506193cf43f3affc51f7a.jpg
z250306946664,Cami Slit Maxi Red Orange Dress- USA Vestido Largo Tipo Cami Con Abertura – Rojo Naranja,1,0,0.0,판매 없음 – 가격 인하 또는 스타일 변경 제안,https://img.ltwebstatic.com/v4/p/spmp/2025/06/11/3c/1749590069b64e4134e2db723c45e73a8b1ffe3646.png
z250307084522,Women's Rib Knit Long Sleeve Round Neck Basic Crop Top,7,0,0.0,판매 없음 – 가격 인하 또는 스타일 변경 제안,https://img.ltwebstatic.com/v4/j/spmp/2025/04/26/f5/174562068816894cb7f34df3ceb1b86e9cb0840de7.jpg
z250307268136,Layered Frill Trim Ruffle Hem Tier Cami Dress Summer Mini Dresses For Women,4,0,0.0,판매 없음 – 가격 인하 또는 스타일 변경 제안,https://img.ltwebstatic.com/v4/j/spmp/2025/06/06/23/1749155665f245753e2b1d14678d29ed10d580ca4d.jpg
z250307556026,Plus Size Women's Ribbed Wrap Front Long Sleeve Top,7,2,28.08,판매 저조 – 가격 재조정 또는 프로모션 추천,https://img.ltwebstatic.com/v4/j/spmp/2025/04/26/9d/1745618930c4a717bdb33b7ab015df2e7744c6e94a.jpg
z250307805599,"Women's Sexy Casual Open Back Short Sleeve Romper For Summer, Sporty Lightweight Machine Washable",6,0,0.0,판매 없음 – 가격 인하 또는 스타일 변경 제안,https://img.ltwebstatic.com/v4/j/spmp/2025/06/11/92/1749596930d2840da39dec05aaa8a4f8030b60af48.jpg
z250308257457,Plus Size Women's Drawstring Waist Parachute Pants Y2K Casual Boho,4,0,0.0,판매 없음 – 가격 인하 또는 스타일 변경 제안,https://img.ltwebstatic.com/images3_spmp/2025/03/08/9d/17413901227c5c72d49f00245216686c3f30b61d75.jpg
z250308386020,Plus Size Women's Casual Flap Pockets Drawstring Ruched Parachute Pants,4,0,0.0,판매 없음 – 가격 인하 또는 스타일 변경 제안,https://img.ltwebstatic.com/v4/j/spmp/2025/06/14/d3/1749840433f151959a1890e5d6a2d97261d79b066d.jpg
z250308394274,"Drawstring Waist Parachute Pants For Spring & Summer, Women's Clothing Hot Y2k Wide Baggy Cargo Pants Long Trousers",4,0,0.0,판매 없음 – 가격 인하 또는 스타일 변경 제안,https://img.ltwebstatic.com/images3_spmp/2025/03/08/8f/174138923386846c0313205c50bc6ab784ee1919b7.jpg
z250308408548,Women's Solid Color High Waist Flare Pants,6,0,0.0,판매 없음 – 가격 인하 또는 스타일 변경 제안,https://img.ltwebstatic.com/v4/j/spmp/2025/06/11/18/174965724571e95158dce7a68bdf2a0dde76962fbd.jpg
z250308628298,Women's Casual Boho Flap Pockets Drawstring Ruched Parachute Pants,4,4,63.25,판매 저조 – 가격 재조정 또는 프로모션 추천,https://img.ltwebstatic.com/images3_spmp/2025/03/08/be/1741387965c01ca47a3d9c6c82029aea068397297a.jpg
z250308744447,Women's Eyelash Lace Trim Split Thigh Cami Maxi Dress For Summer,3,0,0.0,판매 없음 – 가격 인하 또는 스타일 변경 제안,https://img.ltwebstatic.com/v4/j/spmp/2025/04/26/d2/17456162286375dcc13f1885baab77558f046f5c48.jpg
z250312024210,"High Waisted Joggers With Wide Waistband And Pockets, Casual And Activewear For Women",1,0,0.0,판매 없음 – 가격 인하 또는 스타일 변경 제안,https://img.ltwebstatic.com/v4/j/spmp/2025/04/26/61/1745613504e8749aa40cf47252d157106c469943d7.jpg
z250312111192,2pcs Women's Ribbed Side Slit Bandeau Top & Flare Pants Set,5,0,0.0,판매 없음 – 가격 인하 또는 스타일 변경 제안,https://img.ltwebstatic.com/v4/j/spmp/2025/06/06/73/1749158631286ade5398b851a2ccad2c6e3e558c1a.jpg
z250312146816,Plus Size French Terry Cropped Tank Top & Joggers Set For Spring & Summer Women's Clothing Active Basic Loungewear,4,1,17.39,판매 저조 – 가격 재조정 또는 프로모션 추천,https://img.ltwebstatic.com/v4/j/spmp/2025/04/26/ef/1745604282dd9e361070f55f34a9ecc4b8cc8cc066.jpg
z250312151700,Women's Rib Knit Stripe Halter Sleeveless Top For Spring & Summer Casual T-Shirt,2,0,0.0,판매 없음 – 가격 인하 또는 스타일 변경 제안,https://img.ltwebstatic.com/v4/j/spmp/2025/04/26/89/1745608133a93847fa13f06d11dfde704bd0b1d08e.jpg
z250312215180,French Terry Cropped Tank Top & Joggers Set For Spring & Summer Women's Clothing Active Basic Loungewear,7,0,0.0,판매 없음 – 가격 인하 또는 스타일 변경 제안,https://img.ltwebstatic.com/v4/j/spmp/2025/04/26/c7/17456056361701b574069457c93f92872fb98a0685.jpg
z250312424442,2PCS Women's Soft French Terry Elastic Waist Tank Top & Joggers Set,3,0,0.0,판매 없음 – 가격 인하 또는 스타일 변경 제안,https://img.ltwebstatic.com/v4/j/spmp/2025/04/26/6c/17456076207521b04c3492a75896c0c71967689180.jpg
z250312881114,Women's Scoop Neck Solid Long Sleeve Bodysuit,7,0,0.0,판매 없음 – 가격 인하 또는 스타일 변경 제안,https://img.ltwebstatic.com/v4/j/spmp/2025/04/26/e3/1745612712a0288e338fe8cb078fc41984fa510ae3.jpg
z250313037649,"Boho Summer Western Slim Fit Fringe Asymmetrical Hem Midi Pencil Dress Women Dresses Long Beach Dress Hawaiian Dress, Vacation Outfits For Women, Chic And Sexy Elegant Wedding Dress Vacay",2,0,0.0,판매 없음 – 가격 인하 또는 스타일 변경 제안,https://img.ltwebstatic.com/v4/p/spmp/2025/06/11/eb/17495906648f68946cda5b43c599c5e4bca213f123.png
z250313084017,"Boho Summer Fringe Hem Midi Dress Women Dresses Crochet Dress Halter Neck Dress Long Beach Dress Hawaiian Dress, Vacation Outfits For Women, Chic And Sexy Elegant Wedding Dress Vacay Tassel Trim",2,0,0.0,판매 없음 – 가격 인하 또는 스타일 변경 제안,https://img.ltwebstatic.com/v4/j/spmp/2025/05/31/b1/17486430254774f11b39549bdf6157b33da733cf18.jpg
z250313202712,Plus Size Curvy Sheer Mesh Biker Shorts Women Cover Up Summer Stylish High Waist Sexy Beach Essentials,1,1,15.59,판매 저조 – 가격 재조정 또는 프로모션 추천,https://img.ltwebstatic.com/v4/j/spmp/2025/04/26/86/17455988332a1149499c026a8d11638074359f9068.jpg
z250313328801,High Waist Front Slit Hem Pants Solid Split Hem Leggings Spring Summer Skinny Knee Length Comfy Sexy Casual Slim Fit Trousers Women Stretch Elegant Pants Pantalones De Cintura Alta Con Abertura Frontal,0,0,0.0,재고 없음 – 판매 대상 아님,https://img.ltwebstatic.com/v4/j/spmp/2025/04/26/e3/174560015944f00b341c7be045176fa61023d8cc8f.jpg
z250313331362,Side Slit Hem Capri Pants Spring Summer Y2k Skinny Knee Length Sexy Casual Slim Fit Cropped Trousers Women Stretch Solid Color Elegant Pants,3,3,38.06,판매 저조 – 가격 재조정 또는 프로모션 추천,https://img.ltwebstatic.com/v4/j/spmp/2025/06/06/2a/1749156288037ab482604b876745c2658650a0e116.jpg
z250313707223,"Boho Summer Western Fringe Hem Sleeveless Midi Dress Women Dresses Long Beach Dress Hawaiian Dress, Vacation Outfits For Women, Chic And Sexy Elegant Wedding Dress Vacay Tassel Trim",4,23,320.67999999999995,판매 양호 – 현재 가격 유지 또는 소폭 인상,https://img.ltwebstatic.com/v4/j/spmp/2025/04/26/9f/17456027527fe6a022975ba501695f6a175fa4f8c8.jpg
z250314282832,Short Cut Tube Top And Leggings Two Pieces Sets Outfit Sets Women Solid Color 2pcs,5,0,0.0,판매 없음 – 가격 인하 또는 스타일 변경 제안,https://img.ltwebstatic.com/v4/j/spmp/2025/05/02/79/17462008795b5edc677c08c45bc221a07f61784cef.jpg
z250315147099,Long Sleeve Bodysuit Shapewear Mock Neck Solid Color Casual Ribbed Sexy Bodysuit Women's Clothing For Spring Fall,5,0,0.0,판매 없음 – 가격 인하 또는 스타일 변경 제안,https://img.ltwebstatic.com/v4/j/spmp/2025/04/25/d2/1745530993bf89852602fd788a07e7d751e8a8fbc8.jpg
z250315595051,"Cut Out Mini Dress Sexy Solid Fashionable One Shoulder Bodycon Dress For Women, Perfect Of Party Cocktail Vacay Holiday Women's Summer Clothing",7,0,0.0,판매 없음 – 가격 인하 또는 스타일 변경 제안,https://img.ltwebstatic.com/v4/j/spmp/2025/06/11/80/174965644341f5c9d099a5dd15ad6074585d4fbac7.jpg
z250319776975,Square Neck Cami Crop Top For Women Solid Rib Knit Camisole For Summer Simple Basic Style Short Cropped Tank Top,7,0,0.0,판매 없음 – 가격 인하 또는 스타일 변경 제안,https://img.ltwebstatic.com/v4/j/spmp/2025/04/25/ec/17455296347e87da69819719b395c908d22fdbfff9.jpg
z250320153225,2pcs Women's Solid Color Crew Neck Long Sleeve Crop Top And Elastic Waist Pocket Jogger Pants Set,4,0,0.0,판매 없음 – 가격 인하 또는 스타일 변경 제안,https://img.ltwebstatic.com/v4/j/spmp/2025/04/25/b1/17455274167a029d6f816ce6f126d983fa9c101db4.jpg
z250320439396,Basic Drawstring Waist Pocket Sweatpants Solid Color Casual Jogger For Women,8,74,1069.2,판매 양호 – 현재 가격 유지 또는 소폭 인상,https://img.ltwebstatic.com/v4/j/spmp/2025/04/25/f4/17455256142d98d5798f0aabc9fbf6881355733c8d.jpg
z250320703364,Sexy Slim Fit Solid Color Front Cut Out Bodysuit One Shoulder Sleeveless Asymmetric Neck Bodysuit For Women,3,0,0.0,판매 없음 – 가격 인하 또는 스타일 변경 제안,https://img.ltwebstatic.com/v4/j/spmp/2025/04/25/fd/174552513906e83af57be3edc8f4426966e50c0d06.jpg
z250320733393,Women's Solid Color Side Slit  Cami Dress Sexy Dress Bodycon Scoop Neck With Spaghetti Straps For Summer,14,4,61.2,판매 저조 – 가격 재조정 또는 프로모션 추천,https://img.ltwebstatic.com/v4/j/spmp/2025/06/07/ea/1749236650fe47e1ee65485ab214194d67a9c8d6a3.jpg
z250321029221,Plus Size Tie Dye Tank Sleeveless Dress For Women Summer Evening Dress Bodycon Maxi Curvy Dress,4,0,0.0,판매 없음 – 가격 인하 또는 스타일 변경 제안,https://img.ltwebstatic.com/v4/j/spmp/2025/04/25/ea/1745515983c0525ba9ce0fb2bc983f3bcb0b9b2189.jpg
z250321441498,Plus Size Tie Dye Cami Sleeveless Dress For Women Summer Evening Dress Spaghetti Strap Maxi Curvy Dress,3,0,0.0,판매 없음 – 가격 인하 또는 스타일 변경 제안,https://img.ltwebstatic.com/v4/j/spmp/2025/04/25/ba/1745517660282f95c9aacfd278aad546eae7215882.jpg
z250321660044,Tie Dye Cami Sleeveless Dress For Women Summer Evening Dress Spaghetti Strap Maxi Dress,2,0,0.0,판매 없음 – 가격 인하 또는 스타일 변경 제안,https://img.ltwebstatic.com/v4/j/spmp/2025/04/25/bd/1745518440d29c0d9c4e26bf516c6692b21106b161.jpg
z250321812823,Tie Dye Tank Sleeveless Dress For Women Summer Evening Dress Bodycon Maxi Dress,4,0,0.0,판매 없음 – 가격 인하 또는 스타일 변경 제안,https://img.ltwebstatic.com/v4/j/spmp/2025/04/25/ee/17455180128adf0a17af0c894d97536d8cab3868de.jpg
z250321929172,"Bodycon Corset Tube Mini Dress For Women, Sexy Casual, Slim Fit, High Elastic Solid Dress For Summer",3,0,0.0,판매 없음 – 가격 인하 또는 스타일 변경 제안,https://img.ltwebstatic.com/v4/j/spmp/2025/05/31/1b/1748640375bf98401d5b6b9a076221388dd783d048.jpg
z250322131704,Off Shoulder Puff Sleeve Crop Top Square Neck Ruched Tee For Women,7,0,0.0,판매 없음 – 가격 인하 또는 스타일 변경 제안,https://img.ltwebstatic.com/v4/j/spmp/2025/06/06/59/1749156768bf5dff5bdfbde29ea3acaaab6a492d38.jpg
z250322296955,Plus Size Off Shoulder Puff Sleeve Crop Top Square Neck Curvy Ruched Tee For Women,2,0,0.0,판매 없음 – 가격 인하 또는 스타일 변경 제안,https://img.ltwebstatic.com/v4/j/spmp/2025/04/18/74/1744929629b7684c37ae2894538afa7e98518a9d91.jpg
z250322508333,Solid Color Basic Short Sleeve T-Shirt Round Neck Loose Fit Tee,11,0,0.0,판매 없음 – 가격 인하 또는 스타일 변경 제안,https://img.ltwebstatic.com/v4/j/spmp/2025/04/24/f2/1745448880660a9d132a6d14c369dc2bd3e0dc0459.jpg
z250322865875,Plus Size Solid Color Basic Short Sleeve T-Shirt Curvy Round Neck Loose Fit Tee,11,0,0.0,판매 없음 – 가격 인하 또는 스타일 변경 제안,https://img.ltwebstatic.com/v4/j/spmp/2025/04/24/e4/17454461780f725716b52e1e80be2fafa3795ef216.jpg
z250322992759,Women's Standing Collar Front Zipper Long Sleeve Yoga Active Jacket Tight Fit Outdoor Fitness Sports Top,4,0,0.0,판매 없음 – 가격 인하 또는 스타일 변경 제안,https://img.ltwebstatic.com/v4/j/spmp/2025/06/11/9f/1749594926d28740ccead27f546766809a63229e24.jpg
z250326336992,One Shoulder Front Cutout Bodycon Mini Dress For Women Sexy Elegant Casual Dress For Summer,8,0,0.0,판매 없음 – 가격 인하 또는 스타일 변경 제안,https://img.ltwebstatic.com/v4/j/spmp/2025/06/07/ff/174924369766995d32da31fb79ff799c72901b4807.jpg
z250326434634,Front Split Neck Long Sleeve Dress For Women Solid Color Midi Slim Fit Elegant For Spring Minimalist,0,0,0.0,재고 없음 – 판매 대상 아님,https://img.ltwebstatic.com/v4/j/spmp/2025/04/24/ba/1745442772d0bd968d1b2665a85937177481d95aa9.jpg
z250326783855,Plus Size One Shoulder Front Cutout Bodycon Mini Dress For Curvy Women Sexy Elegant Casual Dress For Summer,6,1,18.67,판매 저조 – 가격 재조정 또는 프로모션 추천,https://img.ltwebstatic.com/v4/j/spmp/2025/04/19/97/17450085403e18af56b6775fb000a9dc916f7c06f7.jpg
z250327152196,"Split Back Crop Cami Top & Shorts Set, 2 Piece Pajama Set For Women, Sleeveless Camisole And Elastic Shorts For Loungewear Soft Sleepwear",12,0,0.0,판매 없음 – 가격 인하 또는 스타일 변경 제안,https://img.ltwebstatic.com/v4/j/spmp/2025/04/19/f6/17450026945280d6f6c9ee05733ffcd667cdc85330.jpg
z250327314744,"Women's High Waisted Wide Leg Jumpsuit - Casual Solid Color, Front Button Comfort Fit All Season Jumpsuit, Polyester, Machine Washable",3,0,0.0,판매 없음 – 가격 인하 또는 스타일 변경 제안,https://img.ltwebstatic.com/v4/j/spmp/2025/06/06/18/174915639796307870fd5e10c99771eb4b84cd4529.jpg
z250327424425,Women's Solid Color Double Strap Cami Dress Boho Dress Loose Fit V Neck With Double Spaghetti Straps For Summer,4,0,0.0,판매 없음 – 가격 인하 또는 스타일 변경 제안,https://img.ltwebstatic.com/v4/j/spmp/2025/04/18/fc/1744922698b3f17b35d9f63af2687b249470315678.jpg
z250327491133,"Plus Size Split Back Crop Cami Top & Shorts Set, 2 Piece Pajama Set For Curvy Women, Sleeveless Camisole And Elastic Shorts For Loungewear Soft Sleepwear",12,0,0.0,판매 없음 – 가격 인하 또는 스타일 변경 제안,https://img.ltwebstatic.com/v4/j/spmp/2025/04/18/f5/17449244364f121b9de257ee3e830c11e27a175084.jpg
z250327717142,"Plus Size Women's High Waisted Wide Leg Jumpsuit - Casual Solid Color, Front Button Comfort Fit All Season Curvy Jumpsuit, Polyester, Machine Washable",5,0,0.0,판매 없음 – 가격 인하 또는 스타일 변경 제안,https://img.ltwebstatic.com/v4/j/spmp/2025/04/24/f1/174543960019d5f0ccfc7b672338e813ee1a5b92ce.jpg
z250328322443,2pcs Set Women Casual Racerback Crop Tank Top And Ruched Drawstring Long Pants For Loungewear Soft Sports,0,0,0.0,재고 없음 – 판매 대상 아님,https://img.ltwebstatic.com/v4/j/spmp/2025/04/24/c6/1745434859437e171ee47f68fe49274c96aebdf8c2.jpg
z250328887588,2pcs Set Plus Size Women Casual Racerback Crop Tank Top And Ruched Drawstring Long Pants For Loungewear Soft Sports Curvy,6,0,0.0,판매 없음 – 가격 인하 또는 스타일 변경 제안,https://img.ltwebstatic.com/v4/j/spmp/2025/04/23/ff/1745356549436d1bd2c51ae3a7b07c355a8abe5447.jpg
z250402447414,3PCS Women Comfortable Removable Pad Sports Bra Criss Cross Back Yoga Basic,1,0,0.0,판매 없음 – 가격 인하 또는 스타일 변경 제안,https://img.ltwebstatic.com/v4/j/spmp/2025/04/02/a9/17435270031f5c3741663dc0d4bd716a1cc4cc3e17.jpg
z250402777427,Women's High-Waisted Flare Pants With Pockets Stretchy Casual & Sporty Slimming Solid Color Comfortable For Casual Attire Yoga Pants,2,0,0.0,판매 없음 – 가격 인하 또는 스타일 변경 제안,https://img.ltwebstatic.com/v4/j/spmp/2025/04/02/de/17435422996ca7065312149ff3e6185bc0d281462f.jpg
z250403766686,V Neck Sleeveless Top For Women Solid Rib Knit T Shirt For Summer Simple Basic Style,7,0,0.0,판매 없음 – 가격 인하 또는 스타일 변경 제안,https://img.ltwebstatic.com/v4/j/spmp/2025/06/07/da/1749226881ac12ed6fe557184d9e2cd4d6af2502fa.jpg
z250403911625,Asymmetrical Neck Cut Out Dress For Women Thigh Split Bodycon Midi Dress For Summer,0,0,0.0,재고 없음 – 판매 대상 아님,https://img.ltwebstatic.com/v4/j/spmp/2025/04/18/c6/17449218052b510ad0463ae55bcfbb5db6b5864eb3.jpg
z250404066044,Women's Solid Color Cut Out Dress Sexy Thigh Split Bodycon Halter Neck Midi Dress For Summer,5,2,20.54,판매 저조 – 가격 재조정 또는 프로모션 추천,https://img.ltwebstatic.com/v4/j/spmp/2025/04/18/fc/1744913416c69392f166227cd8687c2ab8ae23b0cb.jpg
z250404288803,2pcs Plus Size One Shoulder Crop Top And Mini Skirt Set For Curvy Women Summer Sexy Casual,7,0,0.0,판매 없음 – 가격 인하 또는 스타일 변경 제안,https://img.ltwebstatic.com/v4/j/spmp/2025/04/18/ff/1744914286fd6d5cc8fbe1eca9d4acaf71654daa2b.jpg
z250404557263,Exclusive Edition Graphic Lettering Tank Crop Top For Women Summer Women's Clothing,2,0,0.0,판매 없음 – 가격 인하 또는 스타일 변경 제안,https://img.ltwebstatic.com/v4/j/spmp/2025/04/04/f4/1743714195a6c1f25ff066c97ec7a5f33c19ce0a3e.jpg
z250404959684,2pcs One Shoulder Crop Top And Mini Skirt Set For Women Summer Sexy Casual,7,0,0.0,판매 없음 – 가격 인하 또는 스타일 변경 제안,https://img.ltwebstatic.com/v4/j/spmp/2025/04/18/b6/1744921369241f4acae59f3285c2758f3227cf2731.jpg
z250405171941,"2pcs One Shoulder Crop Top And Side Slit Skirt Sets For Women, Solid Color Drawstring Ruched Criss Cross Tie Back",4,13,138.62,판매 양호 – 현재 가격 유지 또는 소폭 인상,https://img.ltwebstatic.com/v4/j/spmp/2025/04/24/a4/1745431299429e5fbb5b2dadd8303a333f10fbccd5.jpg
z250408086150,"Ribbed Back Slit Bodycon Dress For Summer, Solid Color, Machine Washable Women's Clothing",4,17,155.71,판매 양호 – 현재 가격 유지 또는 소폭 인상,https://img.ltwebstatic.com/v4/j/spmp/2025/06/07/e8/17492420531f5e250f2a60edec3a665d1ab8938526.jpg
z250409535370,"2pcs One Shoulder Crop Top And Shorts Sets, Exposed Seam Detail 2 Piece Outfit Set For Women, Sleeveless Top And Elastic Shorts For Loungewear Soft Sleepwear",4,2,21.16,판매 저조 – 가격 재조정 또는 프로모션 추천,https://img.ltwebstatic.com/v4/j/spmp/2025/05/31/15/174863683949fdd5a65d08db384176c7cd5b600179.jpg
z250409666106,Sleeveless Hoodie Top For Women Solid French Terry Soft Hooded Shirt For Spring Summer Simple Basic Style Short Cropped Tank Top,4,2,17.66,판매 저조 – 가격 재조정 또는 프로모션 추천,https://img.ltwebstatic.com/v4/j/spmp/2025/05/31/7a/17486374989eba6489be73c9f808fd2669715319b6.jpg
z250409751705,"Pleated Tie Front Wide Led Pants For Women, Spring Summer Solid Color Machine Washable Basic Comfy Casual Pants",1,0,0.0,판매 없음 – 가격 인하 또는 스타일 변경 제안,https://img.ltwebstatic.com/v4/j/spmp/2025/04/18/c0/1744912930160bdb9f65afc237ca13b1946963be2d.jpg
z250410443627,"Women's V Neck Camisole Wide Leg Jumpsuit - Casual Solid Color, Comfort Fit All Season Jumpsuit, Polyester, Machine Washable",4,0,0.0,판매 없음 – 가격 인하 또는 스타일 변경 제안,https://img.ltwebstatic.com/v4/j/spmp/2025/05/31/ac/1748642426defb28db8dad050e8f3ce2d594ba8e1a.jpg
z250411442467,Women's Solid Color Ruched Side Slit Midi Dress Sexy Thigh Split Bodycon Short Sleeve Drawstring Midi Dress For Summer,11,31,370.01,판매 양호 – 현재 가격 유지 또는 소폭 인상,https://img.ltwebstatic.com/v4/j/spmp/2025/06/20/ed/1750434434cefd2f9ba6e85b1ef5994b54e992b9d2.jpg
z250412741701,"2pcs Backless Halter Top & Mini Skirt Sets For Women, Solid Color V Hem Machine Washable Sexy Boho",3,2,22.77,판매 저조 – 가격 재조정 또는 프로모션 추천,https://img.ltwebstatic.com/v4/j/spmp/2025/05/31/69/17486405083399dfec4d9b36b7c8ddacae4225c04b.jpg
z250416129707,"Plus Size Plain Short Sleeve Drawstring Casual Top, Plus Women's Clothing For Summer",0,0,0.0,재고 없음 – 판매 대상 아님,https://img.ltwebstatic.com/images3_spmp/2025/03/06/e9/174120488273701888f927ad4773929acecc6502f8.jpg
z250416273372,"2pcs Basic Tank Top And Shorts Sets, Comfy Loungewear 2 Piece Outfit Set For Women, Sleeveless Top And Elastic Shorts For Soft Sleepwear",18,8,89.31,판매 양호 – 현재 가격 유지 또는 소폭 인상,https://img.ltwebstatic.com/v4/j/spmp/2025/04/23/ea/17453601412191ee51cad3f9e56f2367ce4f24dd5f.jpg
z250416306531,"Plus Size 2pcs Basic Tank Top And Shorts Sets, Comfy Loungewear 2 Piece Outfit Set For Curvy Plus Women, Sleeveless Top And Elastic Shorts For Soft Sleepwear",10,6,99.87,판매 양호 – 현재 가격 유지 또는 소폭 인상,https://img.ltwebstatic.com/v4/j/spmp/2025/04/23/dc/17453402706ece8a2c2632372d54cab1e09e8c4c66.jpg
z250416359492,Rib Knit Stripe Square Neck Short Sleeve Women's Casual Top For Spring & Summer,2,0,0.0,판매 없음 – 가격 인하 또는 스타일 변경 제안,https://img.ltwebstatic.com/v4/j/spmp/2025/06/27/3e/1750964045137221bfe90dcfb7e1de3acfc20b1119.jpg
z250417092585,Rib Knit Basic Round Neck Plain Short Sleeve Casual Women's Top Solid Tee Fitted Women T-Shirt,6,0,0.0,판매 없음 – 가격 인하 또는 스타일 변경 제안,https://img.ltwebstatic.com/v4/j/spmp/2025/06/27/b7/1750972538b50ac00eefa8a77786731ef05fcd1cbf.jpg
z250419322999,Basic Round Neck Crop Plain Short Sleeve Casual Women's Top Solid Tee Slim Fit Women T-Shirt,13,1,7.48,판매 저조 – 가격 재조정 또는 프로모션 추천,https://img.ltwebstatic.com/v4/j/spmp/2025/06/27/fe/1750970271d73261ed8c197ca2b85a01c51cfeba86.jpg
z250423061471,"2pcs Rib-Knit Long Sleeve Square Neck Crop Top And Side Slit Bodycon Skirt Sets For Women, Spring And Early Summer Women's Clothing",5,0,0.0,판매 없음 – 가격 인하 또는 스타일 변경 제안,https://img.ltwebstatic.com/v4/j/spmp/2025/04/23/ab/1745348261e65d0f0e9357061cef30a1dcd272d0a5.jpg
z250423776668,"Short Sleeve Tie-Up Side Slit Midi Dress, Sexy & Elegant, Front Wrap Fitted Women's Dress For Summer",3,0,0.0,판매 없음 – 가격 인하 또는 스타일 변경 제안,https://img.ltwebstatic.com/v4/j/spmp/2025/04/23/85/1745342563cb2d4dde109136e7dca0aceb47c83a76.jpg
z250503065888,Women's Wide Waistband Flare Leg Pants For All Season Stretchy Casual & Sporty Slimming Solid Color Comfortable For Casual Attire Yoga Pants,3,0,0.0,판매 없음 – 가격 인하 또는 스타일 변경 제안,https://img.ltwebstatic.com/v4/j/spmp/2025/05/03/fc/1746228173ec79be6796958b62e5dce947d6442b2d.jpg
z250503086301,"Women's Deep V Neck Short Sleeve Wide Leg Jumpsuit - Casual Solid Color, Slim Fit All Season Jumpsuit, Polyester, Machine Washable",0,0,0.0,재고 없음 – 판매 대상 아님,https://img.ltwebstatic.com/v4/j/spmp/2025/05/03/e9/1746208060d840ee83feace61fad2b348db393c1ab.jpg
z250503448881,Women Comfortable High Neck Sleeveless Halter Sports Top Yoga Basic,4,1,8.45,판매 저조 – 가격 재조정 또는 프로모션 추천,https://img.ltwebstatic.com/v4/j/spmp/2025/05/03/7a/174620600513f007a4d108f1f4abff176e84bb0cd4.jpg
z250503693026,Women Comfortable Removable Pad Sports Bra Criss Cross Back Yoga Basic,4,0,0.0,판매 없음 – 가격 인하 또는 스타일 변경 제안,https://img.ltwebstatic.com/v4/j/spmp/2025/05/03/d1/1746226220890b973cb5117526b5c96549c0b3bedf.jpg
z250503836984,Women's High-Waisted Active Shorts Stretchy Casual & Sporty Slimming Solid Color Comfortable For Casual Attire Yoga Shorts,5,0,0.0,판매 없음 – 가격 인하 또는 스타일 변경 제안,https://img.ltwebstatic.com/v4/j/spmp/2025/05/03/da/1746222669635c79d2b821030fa262d9ea61ac9188.jpg
z250503888808,Solid Color Casual Wide Band Waisted Leggings For Women Ultra Soft Stretch Slim Yoga Sports Leggings,8,0,0.0,판매 없음 – 가격 인하 또는 스타일 변경 제안,https://img.ltwebstatic.com/v4/j/spmp/2025/06/11/f5/17495956907d49885ae21b6507414e433c56e32660.jpg
z250507015674,Women's Solid Color Layered Hem Boho Dress Loose Fit Casual Dress For Summer,4,6,94.65,판매 양호 – 현재 가격 유지 또는 소폭 인상,https://img.ltwebstatic.com/v4/j/spmp/2025/06/06/a6/174915589441338d894ab691b0927c57a08baf5eed.jpg
z250507109901,"Women's Zebra Print Sexy Sheer Mesh Top For Women, Summer T-Shirt Cover Up",2,2,19.93,판매 저조 – 가격 재조정 또는 프로모션 추천,https://img.ltwebstatic.com/v4/j/spmp/2025/05/07/b6/17465584164bf353331fbd57ec49d553a94e4c8abb.jpg
z250507117107,Sweater-Knit Fuzzy Turtle Neck Split Thigh Dress For Women,3,0,0.0,판매 없음 – 가격 인하 또는 스타일 변경 제안,https://img.ltwebstatic.com/v4/j/spmp/2025/05/07/f5/1746563750d747aebf7a4fd2545ef8112fccebef6d.jpg
z250507149009,Sexy Slim Fit Solid Color One Shoulder Cut Out Bodysuit Rib Knit Sleeveless Asymmetric Neck Bodysuit For Women,4,0,0.0,판매 없음 – 가격 인하 또는 스타일 변경 제안,https://img.ltwebstatic.com/v4/j/spmp/2025/05/07/cd/1746573670b10ff8dff94cb6fe76838bef5a14415c.jpg
z250507377835,"Women's Scoop Neck Sleeveless Flare Wide Leg Sports Jumpsuit - Casual, Activewear, Solid Color, Slim Fit All Season Jumpsuit, Machine Washable",4,0,0.0,판매 없음 – 가격 인하 또는 스타일 변경 제안,https://img.ltwebstatic.com/v4/j/spmp/2025/05/07/e2/174654985034742002201f5a6891aaf2fa919de6ba.jpg
z250507408730,"Solid Color Rib Knit Mock Neck Long Sleeve Bodycon Midi Dress For Women, Casual, Lounge, Sexy Women's Clothing",3,0,0.0,판매 없음 – 가격 인하 또는 스타일 변경 제안,https://img.ltwebstatic.com/v4/j/spmp/2025/05/07/f5/17465687643a7cf984a5cfdbd680b3adb0859e018b.jpg
z250507497058,Women's High Waist Flare Leg Pants For All Season Stretchy Casual & Sporty Solid Color Comfortable For Casual Attire Yoga Pants,4,0,0.0,판매 없음 – 가격 인하 또는 스타일 변경 제안,https://img.ltwebstatic.com/v4/j/spmp/2025/05/07/a5/174655374351f88f96c68ec44fda72d011f2d3f549.jpg
z250507738883,Solid Color Ribbed Turtle Neck Sleeveless Bodycon Mini Dress For Women,3,0,0.0,판매 없음 – 가격 인하 또는 스타일 변경 제안,https://img.ltwebstatic.com/v4/j/spmp/2025/06/07/27/1749251082c25c5da46f18ab4db4d9a5c60e914c3d.jpg
z250507943675,"Casual Women's Hooded Dress With Pocket - Drawstring, Long Sleeve, Solid Color, Machine Washable",7,4,59.44,판매 저조 – 가격 재조정 또는 프로모션 추천,https://img.ltwebstatic.com/v4/j/spmp/2025/05/07/d6/174657160110347710f062fea1317e888b8a332e01.jpg
z250507943958,Women's Solid Color Batwing Sleeve V Neck Long Dress Boho Dress Loose Fit Casual Hidden Pocket Dress For Summer,8,0,0.0,판매 없음 – 가격 인하 또는 스타일 변경 제안,https://img.ltwebstatic.com/v4/j/spmp/2025/05/07/d9/1746555407d2d2b01c607270ce49c00689c1d99508.jpg
z250508046646,Solid Casual Active High Waist Elastic Waistband Leggings Women's Clothing,6,0,0.0,판매 없음 – 가격 인하 또는 스타일 변경 제안,https://img.ltwebstatic.com/v4/j/spmp/2025/05/08/d0/174665856765b15dc80aba09d9d093506a5ddcdbc4.jpg
z250508168888,Women's Cross Wrap Tie Front Rib Knit Crop Top For Spring Summer Casual Sexy,6,32,327.67,판매 양호 – 현재 가격 유지 또는 소폭 인상,https://img.ltwebstatic.com/v4/j/spmp/2025/06/07/89/1749229918b70f49d74297fa7a7e057cccee4d1cf4.jpg
z250508300736,Women's Solid Color Comfortable Rib Knit Ruched Side Sleeveless Top For Summer,4,0,0.0,판매 없음 – 가격 인하 또는 스타일 변경 제안,https://img.ltwebstatic.com/v4/j/spmp/2025/05/07/f8/17466333511a6be36e90d3a9371c52c1a4e310d396.jpg
z250508456688,Women's Graphic New York Lettering Long Sleeve Tee Women's T-Shirt For Spring Summer,3,0,0.0,판매 없음 – 가격 인하 또는 스타일 변경 제안,https://img.ltwebstatic.com/v4/j/spmp/2025/05/31/b1/1748637077a7996292bf40f4f02dc3af3d22c298e9.jpg
z250508722107,"3pcs Rib-Knit Long Sleeve Cardigan, Tank Crop Top And Pants Sets For Women, Spring And Fall Women's Clothing, Loungewear",4,2,34.94,판매 저조 – 가격 재조정 또는 프로모션 추천,https://img.ltwebstatic.com/v4/j/spmp/2025/05/08/f4/17466416461bc8461330302573f210daddb41c2c1a.jpg
z250508723099,"Women's Casual Fleece Elastic Waistband Joggers Pants For Spring Fall Winter Casual, Loungewear",5,0,0.0,판매 없음 – 가격 인하 또는 스타일 변경 제안,https://img.ltwebstatic.com/v4/j/spmp/2025/05/08/df/17466501303a97534392d2a60d7cb8d8408b6175bc.jpg
z250508845870,"Women's Fleece Crew Neck Pullover For Fall Winter Spring, Casual Warm Top Women's Clothing",5,0,0.0,판매 없음 – 가격 인하 또는 스타일 변경 제안,https://img.ltwebstatic.com/v4/j/spmp/2025/05/08/9a/1746648099ced971fb2f1d45785e620a8b7760adc5.jpg
z250509030061,"Women's Casual Ribbed Soft Elastic Waistband Joggers Pockets Pants For Spring Fall Winter Casual, Loungewear",1,1,14.57,판매 저조 – 가격 재조정 또는 프로모션 추천,https://img.ltwebstatic.com/v4/j/spmp/2025/05/09/61/1746736566a5f0e17d20cd765fb4e11b86f9f03e8e.jpg
z250509128121,"Women Racerback Cut Out Sports Bra, Comfortable Removable Pad Active Bra Back Yoga Basic Running",4,0,0.0,판매 없음 – 가격 인하 또는 스타일 변경 제안,https://img.ltwebstatic.com/v4/j/spmp/2025/05/09/cd/1746722790e876844ba9383362adb098d8c4c2ce9d.jpg
z250509510747,"2pcs Cami Sleeveless Top & Shorts Sets For Women, Solid Color Machine Washable Comfy Women's Outfit Sets",9,0,0.0,판매 없음 – 가격 인하 또는 스타일 변경 제안,https://img.ltwebstatic.com/v4/j/spmp/2025/06/06/1c/1749158070cbc91625e462b5a7f1a1d0494c7726e7.jpg
z250509518954,"Women Criss Cross Back Sports Bra, Comfortable Removable Pad Active Bra Back Yoga Basic Running",3,0,0.0,판매 없음 – 가격 인하 또는 스타일 변경 제안,https://img.ltwebstatic.com/v4/j/spmp/2025/05/09/a8/17467285870d578c7f80ad5f9dd013d84a845d8f9c.jpg
z250509707861,"2pcs French Terry Contrast Trim Basic Tank Top And Shorts Sets, Comfy Loungewear 2 Piece Outfit Set For Women, Sleeveless Button Front Top And Elastic Shorts For Soft Sleepwear",8,0,0.0,판매 없음 – 가격 인하 또는 스타일 변경 제안,https://img.ltwebstatic.com/v4/j/spmp/2025/05/09/bb/17467395717dfde9c9057f40448fb2368a5fe1e355.jpg
z250509881219,Rib Knit Sexy Halter Neck Backless Sleeveless Casual Women's Top Solid Tee Fitted Women Top For Summer,4,2,20.37,판매 저조 – 가격 재조정 또는 프로모션 추천,https://img.ltwebstatic.com/v4/j/spmp/2025/05/09/fa/174673223783bb4c638b77aace05a847df91e5e7f5.jpg
z250510012100,Rib Knitted Solid Color Tiered Shirred Crop Top Spaghetti Strap Ruched Tee For Women,4,1,12.62,판매 저조 – 가격 재조정 또는 프로모션 추천,https://img.ltwebstatic.com/v4/j/spmp/2025/06/12/c1/17496620366eab17075bb06bb3072be4042d0ffb65.jpg
z250510263275,"Sexy Slim Fit Solid Color Collared Short Sleeve Bodysuit For Women, Sporty Casual All Season Women's Bodysuit",2,2,32.48,판매 저조 – 가격 재조정 또는 프로모션 추천,https://img.ltwebstatic.com/v4/j/spmp/2025/05/10/49/17468120101df703aaea24d7722482945af7c6d496.jpg
z250510308331,"2pcs Cami Sleeveless Crop Top & Ruched Shorts Sets For Women, Solid Color Machine Washable Comfy Women's Outfit Sets",8,0,0.0,판매 없음 – 가격 인하 또는 스타일 변경 제안,https://img.ltwebstatic.com/v4/j/spmp/2025/05/10/e0/174683387547788635d4d3736de40fc6ba19477be3.jpg
z250510337212,Rib Knit One Shoulder Sleeveless Casual Women's Cropped Top Solid Tee Fitted Women Top For Summer,4,0,0.0,판매 없음 – 가격 인하 또는 스타일 변경 제안,https://img.ltwebstatic.com/v4/j/spmp/2025/05/10/fd/174682236744f1e36216ea159ab9a52f827ea1b690.jpg
z250510375553,"2pcs Rib Knitted Cami Sleeveless Spaghetti Strap Top & Drawstring Shorts Sets For Women, Solid Color Machine Washable Comfy Women's Outfit Sets",11,0,0.0,판매 없음 – 가격 인하 또는 스타일 변경 제안,https://img.ltwebstatic.com/v4/j/spmp/2025/06/06/39/17491578956337ff830f8ad65198de0be07fab166d.jpg
z250510492665,Women's One Shoulder Romper For Summer Causal Basic Light Weight Loungewear,3,1,10.89,판매 저조 – 가격 재조정 또는 프로모션 추천,https://img.ltwebstatic.com/v4/j/spmp/2025/05/31/27/17486428634775cf550242d330083b27e6bbffcdca.jpg
z250514181637,Women's Solid Color Casual Two-Way Shoulder Tie Waist Drawstring Short Sleeve Jumpsuit Scoop Neck Off Shoulder Jumpsuit For Women,9,0,0.0,판매 없음 – 가격 인하 또는 스타일 변경 제안,https://img.ltwebstatic.com/v4/j/spmp/2025/05/14/fb/1747166749b15faa1260764163987cea0f6aeb8c5c.jpg
z250514435011,"Women's Rib Knit Halter V-Neck Bodycon Jumpsuit - Casual Solid Color, Slim Fit Summer Jumpsuit, Polyester, Machine Washable",11,2,32.42,판매 저조 – 가격 재조정 또는 프로모션 추천,https://img.ltwebstatic.com/v4/j/spmp/2025/05/14/f3/17471702320bf8d8ed21c56606358faeb712e85c31.jpg
z250514544855,Women's Solid Color Batwing Sleeve V Neck Mini Dress Casual Dress Loose Fit Hidden Pocket Dress For Summer,16,3,45.73,판매 저조 – 가격 재조정 또는 프로모션 추천,https://img.ltwebstatic.com/v4/j/spmp/2025/05/14/fb/17471770200fc77a1e71380eed46f1f2f7e814c007.jpg
z250514635172,"2PCS Ribbed Knit Long Sleeve Cardigan & Drawstring Slim Fit Leggings Sets For Women, Women's Lounge Two Pieces Clothing Sets, Casual, Solid Color",15,1,25.68,판매 저조 – 가격 재조정 또는 프로모션 추천,https://img.ltwebstatic.com/v4/j/spmp/2025/06/12/e7/174965940764d3c653f551df18f091d1a6da83e37d.jpg
z250514790176,"Women's Rib Knit Solid Color Mock Neck Long Sleeve Bodycon Jumpsuit, Fall Winter Loungewear Casual Sexy Jumpsuit",6,0,0.0,판매 없음 – 가격 인하 또는 스타일 변경 제안,https://img.ltwebstatic.com/v4/j/spmp/2025/05/14/e8/1747162770c4d28e5f1a638493f6ece8d993befc59.jpg
z250515026432,"Women's Rib Knit Cowl Neck Backless Split Wide Leg Jumpsuit - Casual Solid Color, Comfort Fit All Season Jumpsuit, Polyester, Machine Washable",3,0,0.0,판매 없음 – 가격 인하 또는 스타일 변경 제안,https://img.ltwebstatic.com/v4/j/spmp/2025/05/15/a3/1747250289e67ba4af3cd17febff5846f6204ecc3f.jpg
z250515067213,Women's Solid Color Rib Knit Sleeveless Drawstring Jumpsuit For Spring Summer,11,1,16.54,판매 저조 – 가격 재조정 또는 프로모션 추천,https://img.ltwebstatic.com/v4/j/spmp/2025/05/15/fd/1747258389feb8cee3e42312c30f4705ebc83f44a8.jpg
z250515429710,2pcs Set Women Rib Knit Solid Color Casual Mock Neck Crop Tank Top And Bootcut Long Pants For Loungewear Spring Summer,5,1,19.26,판매 저조 – 가격 재조정 또는 프로모션 추천,https://img.ltwebstatic.com/v4/j/spmp/2025/05/15/d5/17472420201461df1dc622eda6aa8c253fae2f0f90.jpg
z250515442209,"Women's Solid Color One Shoulder Ruched Bodycon Midi Dress, Casual Elegant, Slim Fitted Women's Dress For Summer",11,3,43.15,판매 저조 – 가격 재조정 또는 프로모션 추천,https://img.ltwebstatic.com/v4/j/spmp/2025/06/28/e1/175106884973d65891b21ed5eaf540048e19ec463c.jpg
z250515471572,"Women's Rib Knit Short Sleeve Bodycon Midi Dress, Casual Elegant, Slim Fitted Women's Dress For Summer",7,4,62.03,판매 저조 – 가격 재조정 또는 프로모션 추천,https://img.ltwebstatic.com/v4/j/spmp/2025/05/15/cb/1747254762c893a68d5a2fb23e276e7f12253ad7f0.jpg
z250515603280,"Women's Solid Color Criss Cross Open Back Bodycon Jumpsuit - Casual Sexy Slim Fit All Season Jumpsuit, Polyester, Machine Washable",11,0,0.0,판매 없음 – 가격 인하 또는 스타일 변경 제안,https://img.ltwebstatic.com/v4/j/spmp/2025/05/15/f7/1747245998b895059485baa3ce6b620b02cc133c0a.jpg
z250516096950,Women's Long Sleeve Bodysuit Shapewear Turtle Neck Solid Color Casual Ribbed Knit Sexy Bodysuit Women's Clothing For Spring Fall,7,8,109.29,판매 양호 – 현재 가격 유지 또는 소폭 인상,https://img.ltwebstatic.com/v4/j/spmp/2025/05/24/f7/1748031813db01617c7b3a2e3cb58c067eb15afd2f.jpg
z250516099309,Women's Sexy Slim Fit Solid Color Criss Cross Backless Bodysuit Sleeveless Bodysuit For Women For Summer,10,4,44.29,판매 저조 – 가격 재조정 또는 프로모션 추천,https://img.ltwebstatic.com/v4/j/spmp/2025/05/24/f8/17480322859c65e6b488d7e0f8c5bbed313fcf10c8.jpg
z250516171871,"2pcs Solid Color Cami Crop Top And Side Split Thigh Skirt Sets For Women, 2 Pieces Summer Outfits Sets",8,20,246.77,판매 양호 – 현재 가격 유지 또는 소폭 인상,https://img.ltwebstatic.com/v4/j/spmp/2025/06/12/15/1749661277e0592fe8f150016002bfe6c28635bd5a.jpg
z250516242011,Women's Hooded Zipper Long Sleeve Lightweight Jacket,2,0,0.0,판매 없음 – 가격 인하 또는 스타일 변경 제안,https://img.ltwebstatic.com/v4/j/spmp/2025/05/24/e4/17480281792ba1174ca5d4e05d8d3066df0c8f308c.jpg
z250516361370,"Women's Solid Color Front Button Maxi Dress For Spring Summer, Ruffle Hem Adjustable Drawstring Dress For Women",3,0,0.0,판매 없음 – 가격 인하 또는 스타일 변경 제안,https://img.ltwebstatic.com/v4/j/spmp/2025/05/16/fe/1747343047129af7121fd05c48541e1589bd94914e.jpg
z250516598815,"Women's Rib Knit Solid Color Split Neck Bodycon Midi Dress, Sexy Casual Elegant, Slim Fitted Women's Dress For Summer",8,1,14.61,판매 저조 – 가격 재조정 또는 프로모션 추천,https://img.ltwebstatic.com/v4/j/spmp/2025/05/24/af/174803495254f5d7c6933e011c98de531129228f62.jpg
z250516666021,"Women's Solid Color One Shoulder Jumpsuit - Casual, Slim Fit All Season Jumpsuit, Polyester, Machine Washable",6,5,74.89,판매 양호 – 현재 가격 유지 또는 소폭 인상,https://img.ltwebstatic.com/v4/j/spmp/2025/05/24/9f/1748035954557e194f9efe4b748db99b72d1b950cf.jpg
z250516781978,"Women's Solid Color Ribbed Tie Front Leggings, Drawstring Slim Fit Pants For Spring Fall",2,0,0.0,판매 없음 – 가격 인하 또는 스타일 변경 제안,https://img.ltwebstatic.com/v4/j/spmp/2025/06/28/a3/1751068068316b00439e22b09dd9412e9e10c5d597.jpg
z250517090903,"2pcs Women's Solid Color Cami Criss Cross Back Top And Side Split Thigh Midi Skirt Sets For Summer, 2 Pieces Sexy Casual Outfits Sets",8,0,0.0,판매 없음 – 가격 인하 또는 스타일 변경 제안,https://img.ltwebstatic.com/v4/j/spmp/2025/06/28/d0/1751050546a5e9ab92aa8453dcc2c4328261a6cffb.jpg
z250517173718,"Women's Rib Knit Solid Color Mock Neck Maxi Dress For Spring Summer, Side Slit Bodycon Dress For Women",5,1,14.89,판매 저조 – 가격 재조정 또는 프로모션 추천,https://img.ltwebstatic.com/v4/j/spmp/2025/05/24/be/17480432405006b645c79ac031844dc1f5c4605f56.jpg
z250517175717,"Women's Solid Color Rib Knit Side Slit Tank Midi Dress For Spring Summer, Drawstring Dress For Women",4,0,0.0,판매 없음 – 가격 인하 또는 스타일 변경 제안,https://img.ltwebstatic.com/v4/j/spmp/2025/05/31/40/1748641601b19e0c68f500f29ef267f6d64b3e53ab.jpg
z250517278132,"Women's Soft Tank Top Sleeveless Wide Leg Exposed Seam Jumpsuit - Casual Elegant Solid Color, Comfort Fit All Season Jumpsuit, Polyester, Machine Washable",4,0,0.0,판매 없음 – 가격 인하 또는 스타일 변경 제안,https://img.ltwebstatic.com/v4/j/spmp/2025/05/24/c8/17480423631d45c0e4d904bcd302696afecb7c7663.jpg
z250517333747,"2pcs Rib-Knit Long Sleeve Cardigan And Bodycon Jumpsuit Sets For Women, Spring And Fall Women's Clothing, Slim Fit Loungewear",4,0,0.0,판매 없음 – 가격 인하 또는 스타일 변경 제안,https://img.ltwebstatic.com/v4/j/spmp/2025/05/28/f5/1748379543b341d4919b550fb9547dbd9b5b03eee8.jpg
z250517632765,Women's Casual Basic Tie Front Drawstring Plain Short Sleeve Top Solid Tee Sporty Women T-Shirt For Summer,5,0,0.0,판매 없음 – 가격 인하 또는 스타일 변경 제안,https://img.ltwebstatic.com/v4/j/spmp/2025/05/28/db/174837852743bd1e2e0a04ad5490defafde1877f2d.jpg
z250517794220,Women's Long Sleeve Plunge Neck Peasant Sleeve Bodysuit Solid Color Ruched Casual Sexy Elegant Bodysuit Women's Clothing For Spring Fall,2,1,13.77,판매 저조 – 가격 재조정 또는 프로모션 추천,https://img.ltwebstatic.com/v4/j/spmp/2025/05/24/98/1748027804ac80102b9eaabf88ac8dbe29afbed1f0.jpg
z250521011307,"Solid Color Ribbed Knit V Neck Short Sleeve Bodycon Mini Dress For Women, Casual, Cute, Sporty Outfits",5,0,0.0,판매 없음 – 가격 인하 또는 스타일 변경 제안,https://img.ltwebstatic.com/v4/j/spmp/2025/05/28/ce/1748373009425801b6228d419eaaad19059bf72519.jpg
z250521114591,Women's Ribbed Knit Collar Neck Button Front Romper For Summer Causal Basic Light Weight Sleeveless Loungewear,5,2,28.89,판매 저조 – 가격 재조정 또는 프로모션 추천,https://img.ltwebstatic.com/v4/j/spmp/2025/05/24/ec/17480275091a6f3478e1bc3fb5f64bae2cfe940080.jpg
z250521221353,"Women's Solid Color Plunge Deep V Neck Thigh Split Maxi Dress For Summer, Side Slit Fit And Flared Dress For Women",4,1,12.95,판매 저조 – 가격 재조정 또는 프로모션 추천,https://img.ltwebstatic.com/v4/j/spmp/2025/05/28/e6/17483788680d793ea6d2824239844e709c9e3d8e9a.jpg
z250521232244,"Women's Ribbed Knit Solid Color Sleeveless Backless Maxi Dress For Summer, Open Back Bodycon Sexy Casual Dress For Women",4,0,0.0,판매 없음 – 가격 인하 또는 스타일 변경 제안,https://img.ltwebstatic.com/v4/j/spmp/2025/05/28/83/1748377902789fc40891ff1feba536390c9a203e0c.jpg
z250521249312,"Women's Stretch Tank Top Sleeveless Racer Back Bodycon Jumpsuit Casual Elegant Sporty Light Weight Solid Color, Slim Fit Summer Jumpsuit, Polyester, Machine Washable",7,0,0.0,판매 없음 – 가격 인하 또는 스타일 변경 제안,https://img.ltwebstatic.com/v4/j/spmp/2025/06/28/d4/1751067174c5b7e8184eb6171df1298a927bf168cf.jpg
z250521325053,Women's Ribbed Knit Solid Color Bandeau Sleeveless Bodycon Cut Out Mini Dress For Summer,5,4,54.63,판매 저조 – 가격 재조정 또는 프로모션 추천,https://img.ltwebstatic.com/v4/j/spmp/2025/06/28/f9/1751040473842cc55e1ab95a566721d2c73d8eb7bc.jpg
z250521325561,"Women's Rib Knit Solid Color Front Cut Out Halter Ring Neck Maxi Dress For Summer, Side Slit Bodycon Dress For Women",3,0,0.0,판매 없음 – 가격 인하 또는 스타일 변경 제안,https://img.ltwebstatic.com/v4/j/spmp/2025/05/31/5e/17486396356c8e63b9474b422a8587bb931cafa3f9.jpg
z250521569934,"Women's Solid Color Strapless Ruched Bodycon Midi Dress, 4 Way Stretch Sexy Casual Elegant, Slim Fitted Women's Dress For Summer",4,0,0.0,판매 없음 – 가격 인하 또는 스타일 변경 제안,https://img.ltwebstatic.com/v4/j/spmp/2025/05/28/c2/174836581481261f2b46164e17b7805e2c1f5b0b71.jpg
z250521662236,Women's High Waist Front Tapered Pockets Pants Solid Color Spring Summer Skinny Trousers Comfy Sexy Casual Slim Fit Women Stretch Elegant Pantalones,4,17,178.31,판매 양호 – 현재 가격 유지 또는 소폭 인상,https://img.ltwebstatic.com/v4/j/spmp/2025/06/27/b5/1751039018d953a56956ced6a86bd1e05cf803f764.jpg
z250521785300,"Women's Soft Fabric Solid Color Bandeau Side Cut Out Sleeveless Bodycon Mini Dress For Summer, Machine Washable, Casual, Cute, Sexy Outfits For Woman",3,0,0.0,판매 없음 – 가격 인하 또는 스타일 변경 제안,https://img.ltwebstatic.com/v4/j/spmp/2025/05/28/8d/17483861894bd97ebfd2f04009d2bc87c5d7986604.jpg
z250521820209,"Women's Soft Relaxed Fit Short Sleeve Tie Waist Jumpsuit - Casual Elegant Solid Color, Comfort Fit All Season Jumpsuit, Polyester, Machine Washable",3,0,0.0,판매 없음 – 가격 인하 또는 스타일 변경 제안,https://img.ltwebstatic.com/v4/j/spmp/2025/05/24/d6/174802661797903c3c5c564a8644aeda8c4a8dee54.jpg
z250522128624,Women's Solid Color Criss Cross Backless Cami Spaghetti Straps Side Slit Maxi Dress For Summer Sexy Casual Outfits For Woman,6,1,13.36,판매 저조 – 가격 재조정 또는 프로모션 추천,https://img.ltwebstatic.com/v4/j/spmp/2025/05/28/b4/1748368036f1235d55094fda6a3074d8f33dc657c9.jpg
z250522432457,Women's Solid Color Cap Sleeve V Neck Maxi Dress Boho Dress Loose Fit Casual Pocket Dress For Summer,0,0,0.0,재고 없음 – 판매 대상 아님,https://img.ltwebstatic.com/v4/j/spmp/2025/05/22/8e/1747858446255073b6d0907f2e4a0281f148e5bfa3.jpg
z250522711841,"2pcs Solid Color Sexy Bra Top And Side Split Thigh Maxi Skirt Sets For Women, 2 Pieces Summer Beach Outfits Sets, Casual, Sexy",1,0,0.0,판매 없음 – 가격 인하 또는 스타일 변경 제안,https://img.ltwebstatic.com/v4/j/spmp/2025/05/22/a4/174785487303af813d46351c2d4b9df66ea8aab1e5.jpg
z250522733152,Women's Solid Color Ribbed Knit Tube Side Ruched Bodycon Mini Dress For Women Sexy Elegant Casual Dress For Summer,7,3,31.93,판매 저조 – 가격 재조정 또는 프로모션 추천,https://img.ltwebstatic.com/v4/j/spmp/2025/06/28/b3/17510439284dc4db5a83306338e7d5ba55d4c826c5.jpg
z250522783572,"2pcs Rib-Knit Short Sleeve Women's Top And Midi Knee Length Skirt Sets For Women, Spring And Summer Women's Clothing",7,0,0.0,판매 없음 – 가격 인하 또는 스타일 변경 제안,https://img.ltwebstatic.com/v4/j/spmp/2025/05/28/f4/1748371670909183106adc5bbb57e6b67b06c4470b.jpg
z250522835519,"2pcs Solid Color One Shoulder Crop Top And Side Split Thigh Midi Skirt Sets For Women, 2 Pieces Summer Outfits Sets, Casual, Sexy",8,1,11.65,판매 저조 – 가격 재조정 또는 프로모션 추천,https://img.ltwebstatic.com/v4/j/spmp/2025/05/31/fc/17486408064e6fc118b0e32dc195d666707eb384d7.jpg
z250522837991,Women's Solid Color Sleeveless Front Ruched Drawstring Bodycon Mini Dress For Women Sexy Elegant Casual Dress For Summer,7,1,10.79,판매 저조 – 가격 재조정 또는 프로모션 추천,https://img.ltwebstatic.com/v4/j/spmp/2025/06/28/f5/1751048636fcf156ef26b40bc98fa48b7ba6a6dd39.jpg
z250523026732,"2pcs Set Women Rib Knit Solid Color Casual Sporty Crop Tank Top And Slim Fit Leggings For Spring Summer, Workout, Gym, Yoga",9,1,15.49,판매 저조 – 가격 재조정 또는 프로모션 추천,https://img.ltwebstatic.com/v4/j/spmp/2025/06/28/d7/1751051608ae4debbd24a8ac5ed4ec2d3f31011113.jpg
z250523262233,"Women's Solid Color Tank Sleeveless Scoop Neck Maxi Bodycon Dress For Summer, Sexy Casual Dress For Women",10,2,30.83,판매 저조 – 가격 재조정 또는 프로모션 추천,https://img.ltwebstatic.com/v4/j/spmp/2025/06/07/fc/1749246334bf81dc4226c89808346a91109986bded.jpg
z250523635194,Women's Solid Color Racer Back Cami Spaghetti Straps Maxi Dress For Summer Sexy Casual Outfits For Woman,10,1,17.35,판매 저조 – 가격 재조정 또는 프로모션 추천,https://img.ltwebstatic.com/v4/j/spmp/2025/05/24/e8/1748040587270e98a6908ecc7dfce3a881ccaba243.jpg
z250523666984,Women's Solid Color Spaghetti Straps Criss Cross Backless Bodycon Romper For Summer Causal Basic Light Weight Sleeveless Loungewear,0,0,0.0,재고 없음 – 판매 대상 아님,https://img.ltwebstatic.com/v4/j/spmp/2025/05/23/fe/17479487138ab086bc09d1a03d87fdab9f20665acb.jpg
z250524161224,"Women's Solid Color Strapless Tube Bodycon Midi Dress, Stretch Sexy Casual Elegant, Slim Fitted Women's Dress For Summer",13,2,30.08,판매 저조 – 가격 재조정 또는 프로모션 추천,https://img.ltwebstatic.com/v4/j/spmp/2025/05/24/f0/17480390545db2782800f896715c6f607344843467.jpg
z250612039588,"Plus Size Women's Fleece Crew Neck Pullover For Fall Winter Spring, Casual Warm Top Curvy Women's Clothing",5,0,0.0,판매 없음 – 가격 인하 또는 스타일 변경 제안,https://img.ltwebstatic.com/v4/j/spmp/2025/06/12/e8/17496722856340c1e6f443faa9d0951c457959d929.jpg
z250612323444,"Plus Size Rib Knit Split Neck Bodycon Dress, Elegant Women's Plus Size Clothing For Summer",7,5,51.36,판매 양호 – 현재 가격 유지 또는 소폭 인상,https://img.ltwebstatic.com/v4/j/spmp/2025/06/12/d5/1749683741dd189f2c1d748b8b6ac0a09fb6448452.jpg
z250612554335,"Plus Size Women's Casual Fleece Elastic Waistband Joggers Curvy Pants For Spring Fall Winter Casual, Loungewear",5,0,0.0,판매 없음 – 가격 인하 또는 스타일 변경 제안,https://img.ltwebstatic.com/v4/j/spmp/2025/06/12/a8/17496747801df03fd495a0aeb530c411d4d55136a7.jpg
z250613333831,2pcs Plus Women's Solid Color Crew Neck Long Sleeve Crop Top And Elastic Waist Pocket Jogger Pants Set Curvy Pullover And Sweatpants Sets,4,0,0.0,판매 없음 – 가격 인하 또는 스타일 변경 제안,https://img.ltwebstatic.com/v4/j/spmp/2025/06/13/b1/17497659271a1a9dd62efe0d9e53e1cde40ce68297.jpg
z250614166373,Women's Basic Casual Solid Leggings For Spring Summer,9,0,0.0,판매 없음 – 가격 인하 또는 스타일 변경 제안,https://img.ltwebstatic.com/v4/j/spmp/2025/06/14/e1/1749848166adbc7f6907a9fdbe3f1ce1d581cc799f.jpg
z250618004111,Women's Plus Size Solid Color Batwing Sleeve V Neck Long Dress Boho Dress Loose Fit Casual Hidden Pocket Curvy Dress For Summer,7,1,20.0,판매 저조 – 가격 재조정 또는 프로모션 추천,https://img.ltwebstatic.com/v4/j/spmp/2025/06/18/9f/1750182211b9ad62198be122bd1d32d62b3881273b.jpg
z250618898442,Women's Plus Size Basic Casual Solid Leggings For Spring Summer Curvy Leggings,8,0,0.0,판매 없음 – 가격 인하 또는 스타일 변경 제안,https://img.ltwebstatic.com/v4/j/spmp/2025/06/18/ed/175018025096e84bb73518348e80762a5be67e89d3.jpg
z250619000900,Women's Ribbed Knit Scoop Neck Spaghetti Straps Romper For Summer Causal Basic Light Weight Sleeveless Loungewear,10,4,42.28,판매 저조 – 가격 재조정 또는 프로모션 추천,https://img.ltwebstatic.com/v4/j/spmp/2025/06/19/fb/17502818888d364c896f449c4d952354831ec6c71e.jpg
z250621004004,Women's Plus Size Ribbed Knit Scoop Neck Spaghetti Straps Romper For Summer Causal Basic Light Weight Sleeveless Curvy Loungewear,9,1,15.0,판매 저조 – 가격 재조정 또는 프로모션 추천,https://img.ltwebstatic.com/v4/j/spmp/2025/06/21/e7/17504403625e87a2a6d827deb3c6c18ff392c9c99e.jpg
z250625168331,Plus Size Women's Casual Basic Tie Front Drawstring Plain Short Sleeve Top Solid Tee Sporty Curvy Women T-Shirt For Summer,5,0,0.0,판매 없음 – 가격 인하 또는 스타일 변경 제안,https://img.ltwebstatic.com/v4/j/spmp/2025/06/25/ed/1750798572599aef21e3f096a976ec2acdaeccd5b6.jpg
z250625173363,"Plus Women's Rib Knit Halter V-Neck Bodycon Jumpsuit - Casual Solid Color, Slim Fit Summer Curvy Jumpsuit, Polyester, Machine Washable",7,2,43.03,판매 저조 – 가격 재조정 또는 프로모션 추천,https://img.ltwebstatic.com/v4/j/spmp/2025/06/25/fa/175078548956ea6688e790e88667ac9bb20f9bf034.jpg
z250625252787,Women's Scoop Neck  Plain    Modest  Elegant  Casual    Knitted Fabric    Button Front    Vest And Wide Leg Pants Sets  Office  Formal & Evening    Summer,4,0,0.0,판매 없음 – 가격 인하 또는 스타일 변경 제안,https://img.ltwebstatic.com/v4/j/spmp/2025/06/26/f9/17508678104166197ec0dd498b45c5fbb793ad936b.jpg
z250625890961,"Plus Size Solid Color Split Neck Bodycon Midi Dress, Elegant Casual Women's Plus Size Clothing For Summer",4,1,16.24,판매 저조 – 가격 재조정 또는 프로모션 추천,https://img.ltwebstatic.com/v4/j/spmp/2025/06/25/e3/17507899225fc8296f9aacef74b4740f9d2eb95a4f.jpg
z250626210081,"Women's Rib Knit Stripe Scoop Neck Short Sleeve Dress For Spring & Summer, Casual Woman Clothing",2,0,0.0,판매 없음 – 가격 인하 또는 스타일 변경 제안,https://img.ltwebstatic.com/v4/j/spmp/2025/06/26/e1/1750882629d7cbd923d23c0d40bc1b930ce0782fe5.jpg
z250627351341,Women's Loungewear  Plain    Casual  Cute    Rib Knit    Drawstring    Crop Top And Shorts Sets  Home    Summer,5,0,0.0,판매 없음 – 가격 인하 또는 스타일 변경 제안,https://img.ltwebstatic.com/v4/j/spmp/2025/06/27/ae/175095599685d51654f72f62a76bd4bd885ecc894e.jpg
z250628298242,Women's Strapless  Plain    Elegant  Party  Casual  Sexy  Boho    Rib Knit    Split    Flare Top  Daily  Travel    For Summer,5,0,0.0,판매 없음 – 가격 인하 또는 스타일 변경 제안,https://img.ltwebstatic.com/v4/j/spmp/2025/06/28/dd/1751045974d1743849768c5f5ccd5d31019b8abe4f.jpg
z250628531924,Women's  Plain    Modest  Casual  Cute    Fake Drawstring    Crop Top T-Shirt And Wide Leg Pants Sets  Sports  Home  Street    For Summer,4,0,0.0,판매 없음 – 가격 인하 또는 스타일 변경 제안,https://img.ltwebstatic.com/v4/j/spmp/2025/06/28/e0/175105495522b4bff3a8189f7c9f978d54614fe3b7.jpg
z250702112040,"Women's Rib Knit Stripe Tube Sleeveless Side Ruched Slit Bodycon Dress For Spring & Summer, Casual Woman Clothing",2,0,0.0,판매 없음 – 가격 인하 또는 스타일 변경 제안,https://img.ltwebstatic.com/v4/j/spmp/2025/07/02/6e/1751386203455e0825f87effedcd362369796942e2.jpg
z250702313760,"Women's Spaghetti Strap Bralette Top And Wide Leg Pants Sets, Casual, Elegant, Lounge, Formal Outfits For Summer Spring",4,0,0.0,판매 없음 – 가격 인하 또는 스타일 변경 제안,https://img.ltwebstatic.com/v4/j/spmp/2025/07/02/50/17513908101559d56e71feabd62e7cdced45dac865.jpg
z250702916775,Women's Tailored Button Vest With Adjustable Back Tie & Wide Leg Pants Set Office Formal & Evening Summer Two Pieces Suits,4,0,0.0,판매 없음 – 가격 인하 또는 스타일 변경 제안,https://img.ltwebstatic.com/v4/j/spmp/2025/07/02/fb/1751393501495e28937449dc80a40867fefa0d6064.jpg
z250712779633,"2PCS Plus Women's Ribbed Knit Long Sleeve Cardigan & Drawstring Slim Fit Leggings Sets For Curvy Women, Large Women's Lounge Two Pieces Clothing Sets, Casual, Solid Color",6,0,0.0,판매 없음 – 가격 인하 또는 스타일 변경 제안,https://img.ltwebstatic.com/v4/j/spmp/2025/07/12/c8/17522593600ab510f8d7cf6fc40916f60a9f2057e7.jpg
