Unnamed: 0,Unnamed: 1,Unnamed: 2,Unnamed: 3,Unnamed: 4,Unnamed: 5,Unnamed: 6,Unnamed: 7,Unnamed: 8,Unnamed: 9,Unnamed: 10,Unnamed: 11,Unnamed: 12,Unnamed: 13
,STYLE #,ERP PRICE,SHEIN PRICE,SLEEVE,NECKLINE,LENGTH,FIT,DETAIL,STYLE MOOD,PIECE,MODEL,NOTES,
CAPELLA APPAREL,BT5484,8.25,20,Sleeveless,Cami,Waist Top,Slim,Racer Back,Casual,3PCS,Latina/Black,,
CAPELLA APPAREL,BT5515,7.5,20,Sleeveless,Cami,Crop Top,Slim,,Casual,3PCS,Latina/Black,,
OUTLET,AP31071,5.75,12.5,,,Full,Slim,,Activewear,Single,Caucasian,,
OUTLET,AT51297,4,8,Sleeveless,Spaghetti,Crop Top,Slim,Criss cross,Activewear,3PCS,Caucasian,Size Chart,
CAPELLA APPAREL,AP61162,7,16,,,Full,Slim,"Wide Leg, Pocket",Activewear,Single,Caucasian,,
CAPELLA APPAREL,AP71146,8.5,18,,,Full,Regular,Pocket,Activewear,Single,Caucasian,,
CAPELLA APPAREL,AT61064,8.75,18,Long,High,Crop Top,Slim,Button/Zipper,Activewear,Single,Caucasian,Size Chart,
CAPELLA APPAREL,ATP71016,9.75,19.5,Long,Round,Crop Top,Slim,,Activewear,Single,Caucasian,,
CAPELLA APPAREL,BD2855,5.75,8.89,Sleeveless,Scoop,Midi Dress,Slim,Slit,Sexy,Single,Latina/Black,,6/5 outdoor pic
CAPELLA APPAREL,BD2981,7.75,18.5,Sleeveless,Cami,Maxi Dress,Regular,"Tie Dye, Racer Back",Lounge,Single,Latina/Black,,
CAPELLA APPAREL,BD2981X,9.75,21.75,Sleeveless,Cami,Maxi Dress,Regular,"Tie Dye, Racer Back",Lounge,Single,"Plus, Latina/Black",,
CAPELLA APPAREL,BD3069,7.5,10.89->11.79,Short,Round,Midi Dress,Slim,"Ruched, Drawstring, Slit",Sexy,Single,Latina/Black,Size Chart,"6/6 잘나가는 색 사이즈 가격 올림
11.79->12.89"
CAPELLA APPAREL,BD3159,7.75,17,Sleeveless,Spaghetti,Maxi Dress,Slim,Slit,Casual,Single,Latina/Black,,6/5 outdoor pic
CAPELLA APPAREL,BD3214,5.5,14,Short,Round,Mini Dress,Slim,Tie Dye,Casual,Single,Latina/Black,,
CAPELLA APPAREL,BD3214X,7,16,Short,Round,Mini Dress,Slim,Tie Dye,Casual,Single,"Plus, Latina/Black",,
CAPELLA APPAREL,BD3293,8.5,19.75,Short,Round,Maxi Dress,Loose,Pocket,Lounge,Single,"Latina/Black, Caucasian",,
CAPELLA APPAREL,BD3990,7.5,15,Sleeveless,Spaghetti,Maxi Dress,Slim,"Slit, Backless, Criss cross",Sexy,Single,Latina/Black,,6/10 outdoor pic
CAPELLA APPAREL,BD5179,7.5,16.75,Short,Crew,Midi Dress,Slim,"Fringe, Asymmetrical",Casual,Single,"Caucasian, Latina/Black",,
CAPELLA APPAREL,BD5195,8,17.25,Sleeveless,Halter,Midi Dress,Slim,Fringe,Casual,Single,Caucasian,Video,5/30 outdoor pic
CAPELLA APPAREL,BD5262,6.75,15.75,Sleeveless,Cami,Mini Dress,Regular,Tier,Casual,Single,"Latina/Black, Caucasian","Video, Size Chart",6/5 outdoor pic
CAPELLA APPAREL,BD5362,7.25,16.5,Short,Round,Midi Dress,Slim,"Tie, Slit",Sexy,Single,"Caucasian, Latina/Black",,
CAPELLA APPAREL,BD5364,7.5,18.25,Sleeveless,Cami,Maxi Dress,Slim,,Casual,Single,Caucasian,Size Chart,5/30 outdoor pic
CAPELLA APPAREL,BD5455,7.75,17,Sleeveless,Cami,Maxi Dress,Slim,"Tie Dye, Racer Back",Casual,Single,"Latina/Black, Caucasian",,
CAPELLA APPAREL,BD5455X,9.75,19.5,Sleeveless,Cami,Maxi Dress,Slim,"Tie Dye, Racer Back",Casual,Single,"Plus, Latina/Black",Size Chart,
CAPELLA APPAREL,BD5456,7.75,17,Sleeveless,Round,Maxi Dress,Slim,Tie Dye,Casual,Single,"Latina/Black, Caucasian",Size Chart,
CAPELLA APPAREL,BD5456X,9.75,19.5,Sleeveless,Round,Maxi Dress,Slim,Tie Dye,Casual,Single,"Plus, Latina/Black",Size Chart,
CAPELLA APPAREL,BD5517,6.75,15.75,Sleeveless,Double Strap,Maxi Dress,Loose,Slit,Lounge,Single,"Latina/Black, Caucasian",,
CAPELLA APPAREL,BP2599X,10.5,22.75,Sleeveless,Spaghetti,Full,Loose,Pocket,Lounge,Single,"Plus, Latina/Black",Size Chart,
CAPELLA APPAREL,BP2893,5,11,Short,Scoop,Shorts,Slim,,Casual,Single,Latina/Black,,6/11 outdoor pic
CAPELLA APPAREL,BP3365,3,11.5->12.5,,,Knee,Slim,Mesh,Sexy,Single,Latina/Black,Size Chart,
CAPELLA APPAREL,BP3416,6.25,16.5,,,Shorts,Regular,"Drawstring, Pocket",Casual,Single,Latina/Black,,
CAPELLA APPAREL,BP3562,7,14.5,,,Full,Regular,"Slit, Pocket",Casual,Single,Latina/Black,,
CAPELLA APPAREL,BP3858,6.25,16.25,,,Full,Slim,"Wide Leg, Mesh",Sexy,Single,Latina/Black,,
CAPELLA APPAREL,BP5166,5.75,14.5,,,Capri,Slim,Pocket,Formal,Single,Caucasian,,6/5 outdoor pic
CAPELLA APPAREL,BP5182,9.5,19.25,Sleeveless,V Neck,Full,Regular,Wide Leg,Casual,Single,"Caucasian, Latina/Black",Video,5/30 outdoor pic
CAPELLA APPAREL,BP5187,8.75,18.25,Sleeveless,Spaghetti,Full,Regular,"Button/Zipper, Wide Leg",Lounge,Single,Caucasian,,6/5 outdoor pic
CAPELLA APPAREL,BP5187X,10.5,20.65,Sleeveless,Spaghetti,Full,Regular,"Button/Zipper, Wide Leg",Lounge,Single,Plus,Size Chart,
CAPELLA APPAREL,BP5350,6.5,15.5,,,Full,Loose,"Wide Leg, Tie, Pleated",Lounge,Single,Caucasian,,
CAPELLA APPAREL,BP5398,5,14.29,,,Full,Regular,"Drawstring, Pocket",Casual,Single,Caucasian,Size Chart,
CAPELLA APPAREL,BP5398X,6.75,17,,,Full,Regular,"Drawstring, Pocket",Casual,Single,"Plus, Latina/Black",Size Chart,
CAPELLA APPAREL,BP5399,5,14.29,,,Full,Regular,Pocket,Casual,Single,Caucasian,Size Chart,
CAPELLA APPAREL,BP5399X,6.75,17,,,Full,Regular,Pocket,Casual,Single,"Plus, Latina/Black",Size Chart,
CAPELLA APPAREL,BP5542,6,16,,,Full,Loose,"Wide Leg, Pocket",Casual,Single,Latina/Black,,
CAPELLA APPAREL,BS5489,5.5,14.25,,,Maxi Skirt,Loose,"Slit, Mesh",Sexy,Single,Latina/Black,,
CAPELLA APPAREL,BT2566,5,13,Long,Round,Crop Top,Slim,Button/Zipper,Casual,Single,Latina/Black,,6/5 outdoor pic
CAPELLA APPAREL,BT2662,3.5,12.25,Long,Mock,Waist Top,Regular,,Casual,Single,Latina/Black,Size Chart,
CAPELLA APPAREL,BT2845,4.25,12.5,Short,Round,,Slim,Mesh,Sexy,Single,Latina/Black,Size Chart,
CAPELLA APPAREL,BT2847,3,11,Short,Round,Crop Top,Slim,Mesh,Sexy,Single,Latina/Black,Size Chart,
CAPELLA APPAREL,BT2954,4.25,12.5,Long,Round,Crop Top,Slim,,Casual,Single,Latina/Black,,
CAPELLA APPAREL,BT2986,5,14.5,Long,Round,,Slim,Mesh,Sexy,Single,Latina/Black,Size Chart,
CAPELLA APPAREL,BT2988,3.75,14,Long,Round,Crop Top,Slim,Mesh,Sexy,Single,Latina/Black,Size Chart,
CAPELLA APPAREL,BT3325X,6.25,15,Long,V Neck,Crop Top,Slim,Wrap,Casual,Single,"Plus, Latina/Black",,
CAPELLA APPAREL,BT3333,3,10.89,Short,Round,Crop Top,Slim,,Casual,Single,Latina/Black,"Video, Size Chart",
CAPELLA APPAREL,BT3335,5.5,14.5,Short,V Neck,Waist Top,Slim,"Ruched, Drawstring",Casual,Single,Latina/Black,,
CAPELLA APPAREL,BT3335X,7,16.25->18.25,Short,V Neck,Waist Top,Slim,"Ruched, Drawstring",Casual,Single,"Plus, Latina/Black",,
CAPELLA APPAREL,BT3339,5,14.5,Long,Split,Crop Top,Slim,"Button/Zipper, Slit, Lettuce Trim",Casual,Single,Latina/Black,,6/11 outdoor pic
CAPELLA APPAREL,BT3357,3.75,11.75,Short,Round,Waist Top,Loose,,Lounge,Single,,,
CAPELLA APPAREL,BT3357X,5,13.5,Short,Round,Waist Top,Loose,,Lounge,Single,"Plus, Latina/Black",,
CAPELLA APPAREL,BT3544,5.5,14,Short,Off Shoulder,Waist Top,Regular,"Ruched, Puff, Stripe",Casual,Single,Latina/Black,,6/5 outdoor pic
CAPELLA APPAREL,BT3544X,7,16,Short,Off Shoulder,Waist Top,Regular,"Ruched, Puff, Shirred",Casual,Single,"Plus, Latina/Black",,
CAPELLA APPAREL,BT3579,3,11.5,Long,Round,Crop Top,Slim,,Casual,Single,Latina/Black,Size Chart,5/30 outdoor pic
CAPELLA APPAREL,BT3649,6,16,Long,Cut Out,,Slim,Cut Out,Sexy,Single,Latina/Black,Video,
CAPELLA APPAREL,BT3932,5.5,14,Sleeveless,One Shoulder,,Slim,Cut Out,Sexy,Single,"Latina/Black, Caucasian",,
CAPELLA APPAREL,BT3952,4,12,Short,Crew,Long Top,Loose,Twist,Lounge,Single,Caucasian,,
CAPELLA APPAREL,BT3969,2.75,10.5,Sleeveless,Cami,Crop Top,Slim,,Casual,Single,Latina/Black,Size Chart,
CAPELLA APPAREL,BT3971,3.5,12.25,Sleeveless,Cut Out,Crop Top,Slim,Cut Out,Casual,Single,Latina/Black,Video,5/30 6/5 outdoor pic
CAPELLA APPAREL,BT3972,3.5,12.25,Sleeveless,One Shoulder,Crop Top,Slim,Cut Out,Casual,Single,"Latina/Black, Caucasian",,
CAPELLA APPAREL,BT5201,3,11,Sleeveless,V Neck,Waist Top,Slim,,Casual,Single,"Caucasian, Latina/Black",,6/5 outdoor pic
OUTLET,BT5300,5,8.9,Sleeveless,Hooded,Crop Top,Regular,Drawstring,Casual,Single,Caucasian,,5/30 outdoor pic
CAPELLA APPAREL,BT5343,3.75,12.5,Long,Round,Waist Top,Slim,,Casual,Single,"Caucasian, Latina/Black",Size Chart,
CAPELLA APPAREL,BT5409,2.75,11,Sleeveless,Round,Crop Top,Slim,,Casual,Single,Latina/Black,,
CAPELLA APPAREL,BT5492,3.5,11.5,Short,Round,Waist Top,Slim,,Casual,Single,Latina/Black,"Video, Size Chart",
CAPELLA APPAREL,BT5507,2.75,11,Sleeveless,Tube,Crop Top,Slim,Mesh,Sexy,Single,Latina/Black,,
CAPELLA APPAREL,BT5528,2.75,10,Sleeveless,Halter,Waist Top,Slim,Stripe,Casual,Single,Latina/Black,,
CAPELLA APPAREL,BT5558,4.75,13,Long,Scoop,,Slim,,Casual,Single,Latina/Black,,
CAPELLA APPAREL,BT5574,3,11,Short,Square,Crop Top,Slim,Stripe,Casual,Single,Latina/Black,"Video, Size Chart",
CAPELLA APPAREL,BT5582,3.25,12,Long,Square,Waist Top,Slim,,Casual,Single,Latina/Black,,
CAPELLA APPAREL,BT5583,3,11.25,Short,Mock,Waist Top,Slim,,Casual,Single,Latina/Black,,
CAPELLA APPAREL,BTD3742,14.5,28,Long,Jacket,"Long Top, Midi Dress",Regular,,Lounge,Single,"Caucasian, Latina/Black",Size Chart,
CAPELLA APPAREL,BTP2955,7,10.99,Sleeveless,Scoop,"Waist Top, Shorts",Regular,,Lounge,Single,Latina/Black,Size Chart,
CAPELLA APPAREL,BTP2955X,9,18.75,Sleeveless,Scoop,"Waist Top, Shorts",Regular,,Lounge,Single,"Plus, Latina/Black",Size Chart,
CAPELLA APPAREL,BTP3245X,10.75,21,Sleeveless,Scoop,"Crop Top, Full",Slim,"Ruched, Pocket, Drawstring",Casual,Single,Plus,,
CAPELLA APPAREL,BTP3398,10.5,20.65,Long,Round,"Crop Top, Full",Regular,Pocket,Casual,Single,Latina/Black,Size Chart,
CAPELLA APPAREL,BTP3398X,12.5,23.5,Long,Round,"Crop Top, Full",Regular,Pocket,Casual,Single,"Plus, Caucasian",Size Chart,
CAPELLA APPAREL,BTP3457,7.5,16.75,Sleeveless,Round,"Crop Top, Full",Regular,"Drawstring, Pocket",Lounge,Single,Latina/Black,,
CAPELLA APPAREL,BTP3457X,9.5,19.25,Sleeveless,Round,"Crop Top, Full",Regular,"Drawstring, Pocket",Lounge,Single,Latina/Black,,
CAPELLA APPAREL,BTP3495,16.5,29.5,Long,Jacket,"Crop Top, Full",Regular,"Drawstring, Button/Zipper, Pocket",Casual,Single,Latina/Black,Size Chart,
CAPELLA APPAREL,BTP3982,10,20,Sleeveless,Round,"Crop Top, Full",Regular,Pocket,Casual,Single,Caucasian,,
CAPELLA APPAREL,BTP3994,10.5,22.75,Sleeveless,Spaghetti,"Crop Top, Full",Regular,"Drawstring, Pocket, Wide Leg",Casual,Single,"Latina/Black, Caucasian",Size Chart,6/5 outdoor pic
CAPELLA APPAREL,BTP3994X,12.5,25.75,Sleeveless,Spaghetti,"Crop Top, Full",Regular,"Drawstring, Pocket, Wide Leg",Casual,Single,"Plus, Latina/Black",,
CAPELLA APPAREL,BTP5213,6,9.89,Sleeveless,One Shoulder,"Crop Top, Shorts",Slim,Exposed Seam,Casual,Single,Latina/Black,,5/30 outdoor pic
CAPELLA APPAREL,BTP5239,8.75,20,Sleeveless,Tube,"Crop Top, Full",Slim,"Corset, Wide Leg",Casual,Single,"Latina/Black, Caucasian",Size Chart,
CAPELLA APPAREL,BTP5247,9.5,19.25,Sleeveless,Tube,"Waist Top, Full",Regular,"Wide Leg, Slit",Casual,Single,Latina/Black,,6/5 outdoor pic
CAPELLA APPAREL,BTP5478,6.5,15.5,Sleeveless,Tube,"Crop Top, Full",Slim,,Casual,Single,Latina/Black,Size Chart,
CAPELLA APPAREL,BTS5263,5.5,13.5,Sleeveless,Halter,"Crop Top, Mini Skirt",Slim,Backless,Sexy,Single,Caucasian,,5/30 outdoor pic
CAPELLA APPAREL,BTS5581,8.5,19.5,Long,Mock,"Crop Top, Maxi Skirt",Slim,Drawstring,Casual,Single,Latina/Black,,
CAPELLA APPAREL,ST32107,4.25,13,Sleeveless,Round,Crop Top,Slim,Graphic,Casual,Single,Latina/Black,,
OUTLET,BD3458,6,14.75,Sleeveless,One Shoulder,Mini Dress,Slim,Cut Out,Sexy,Single,Latina/Black,,6/5 outdoor pic
OUTLET,BD3458X,7.75,17,Sleeveless,One Shoulder,Mini Dress,Slim,Cut Out,Sexy,Single,"Plus, Latina/Black",,
OUTLET,BD3479,5.5,11.79,Sleeveless,One Shoulder,Mini Dress,Slim,"Cut Out, Ruched",Sexy,Single,Latina/Black,,6/11 outdoor pic
OUTLET,BD3492,7.75,11,Sleeveless,Halter,Midi Dress,Slim,"Slit, Ring, Tie, Backless",Sexy,Single,Latina/Black,,
OUTLET,BD5240,5.75,11.75,Sleeveless,Tube,Mini Dress,Slim,Corset,Sexy,Single,Latina/Black,,5/30 outdoor pic
OUTLET,BP3611,6.5,11.75,,,Full,Regular,Button/Zipper,Formal,Single,Latina/Black,,6/11 outdoor pic
OUTLET,BP5284,4.75,9.89,Short,Crew,,Slim,Backless,Casual,Single,"Latina/Black, Caucasian",,5/30 outdoor pic
OUTLET,BP5295,5.25,10.79,Sleeveless,Square,Shorts,Slim,,Casual,Single,Latina/Black,Video,5/30 outdoor pic
OUTLET,BT3043,5.5,12,Long,Mock,,Slim,,Casual,Single,Latina/Black,,
OUTLET,BT5382,4.5,13.75,Long,Round,Crop Top,Slim,Button/Zipper,Casual,Single,Caucasian,,
OUTLET,BTP3342,5.75,10.79,Sleeveless,Cami,"Crop Top, Shorts",Slim,Slit,Casual,Single,Latina/Black,,
OUTLET,BTP3342X,7.25,13.5,Sleeveless,Cami,"Crop Top, Shorts",Slim,Slit,Casual,Single,"Plus, Latina/Black",,
OUTLET,BTS3459,7.25,9.79->10.89,Sleeveless,One Shoulder,"Crop Top, Midi Skirt",Slim,"Drawstring, Slit, Ruched, Criss cross",Sexy,Single,Latina/Black,,
OUTLET,BTS3516,6.5,11,Sleeveless,One Shoulder,"Crop Top, Mini Skirt",Slim,Ruched,Sexy,Single,Latina/Black,,
OUTLET,BTS3516X,8,13.5,Sleeveless,One Shoulder,"Crop Top, Mini Skirt",Slim,Ruched,Sexy,Single,"Plus, Latina/Black",,
OUTLET,BTS3640,8,15.5,Long,Square,"Crop Top, Midi Skirt",Slim,Slit,Sexy,Single,Latina/Black,Size Chart,
CAPELLA APPAREL,BP3365X,4,12.5,,,Knee,Slim,Mesh,Sexy,Single,Latina/Black,,
CAPELLA APPAREL,BD5231,6.75,15.75,Sleeveless,Round,Midi Dress,Slim,Fringe,Casual,Single,Latina/Black,,
CAPELLA APPAREL,BD5501,6.75,15.75,Sleeveless,Cami,Maxi Dress,Slim,"Slit, Lace",Sexy,Single,Latina/Black,,
CAPELLA APPAREL,BT3577,7,17.5,Long,Hooded,Crop Top,Slim,Button/Zipper,Casual,Single,Latina/Black,,
CAPELLA APPAREL,AT51213,4.75,13.5,Sleeveless,Halter,Crop Top,Slim,Racer Back,Activewear,Single,Caucasian,,
OUTLET,AP31137,4.25,12,,,Shorts,Slim,,Activewear,Single,"Latina/Black, Caucasian",,
CAPELLA APPAREL,AP81334,7.5,15,,,Full,Regular,Wide Leg,Activewear,Single,Caucasian,Size Chart,
CAPELLA APPAREL,BP3935,9.5,18.79,Short,Crew,Full,Regular,Tie,Lounge,Single,"Caucasian, Latina/Black",Size Chart,
CAPELLA APPAREL,BP3931,6.75,13.59,Sleeveless,Collar,Shorts,Slim,Button/Zipper,Casual,Single,"Latina/Black, Caucasian",Size Chart,
OUTLET,BP5118,5.5,10.59,,,Full,Slim,Pocket,Formal,Single,Caucasian,,
CAPELLA APPAREL,BD5137,5.5,13.59,Sleeveless,Tube,Mini Dress,Slim,Cut Out,Casual,Single,"Latina/Black, Caucasian",,
CAPELLA APPAREL,BD5264,5,11.59,Sleeveless,Tube,Mini Dress,Slim,Cut Out,Sexy,Single,Latina/Black,Size Chart,
OUTLET,BD2895,6,10.79,Sleeveless,Tube,Midi Dress,Slim,Ruched,Sexy,Single,"Latina/Black, Caucasian",Size Chart,
OUTLET,BTS3485,5.5,10.89,Sleeveless,One Shoulder,"Crop Top, Midi Skirt",Slim,Slit,Sexy,Single,Latina/Black,Size Chart,5/30 outdoor pic
OUTLET,BD2601,7.75,9.89,Short,V Neck,Maxi Dress,Loose,"Pocket, Slit",Lounge,Single,Latina/Black,Size Chart,
OUTLET,BD3414,7.5,12.49,Sleeveless,Spaghetti,Maxi Dress,Slim,"Criss cross, Backless, Slit",Sexy,Single,"Latina/Black, Caucasian",Size Chart,
OUTLET,BD3171,7,10.89,Sleeveless,Tube,Mini Dress,Slim,"Ruched, Drawstring",Sexy,Single,Latina/Black,,
OUTLET,BD3128,6.5,10.79,Sleeveless,Spaghetti,Mini Dress,Slim,"Ruched, Drawstring",Sexy,Single,Latina/Black,,
CAPELLA APPAREL,BTP3251,7,15.49,Sleeveless,Scoop,"Crop Top, Full",Slim,,Casual,Single,Latina/Black,,
CAPELLA APPAREL,BD2552,7.5,15.89,Sleeveless,Cami,Maxi Dress,Slim,,Sexy,Single,Latina/Black,Size Chart,
CAPELLA APPAREL,BD2343,5.75,13.92,Sleeveless,Tube,Midi Dress,Slim,,Sexy,Single,"Latina/Black, Caucasian",Size Chart,
CAPELLA APPAREL,BD3176,7.5,16.75,Sleeveless,Scoop,Maxi Dress,Slim,,Casual,Single,"Latina/Black, Caucasian",Size Chart,6/5 outdoor pic
CAPELLA APPAREL,BTS3169,7.5,10.89,Sleeveless,Spaghetti,"Crop Top, Maxi Skirt",Slim,Slit,Sexy,Single,Latina/Black,Size Chart,
CAPELLA APPAREL,BTS2996,8.75,16.49,Short,Crew,"Waist Top, Midi Skirt",Regular,,Casual,Single,Latina/Black,Size Chart,
CAPELLA APPAREL,BP3050,7,14.49,Sleeveless,Scoop,Full,Slim,Racer Back,Casual,Single,Latina/Black,,
OUTLET,BD5260,6,11.25,Short,V Neck,Mini Dress,Slim,,Casual,Single,"Latina/Black, Caucasian",Size Chart,
OUTLET,BD5215,8,12.59,Sleeveless,Halter,Maxi Dress,Slim,"Cut Out, Slit, Ring",Sexy,Single,"Caucasian, Latina/Black",Size Chart,5/30 outdoor pic
CAPELLA APPAREL,BD5216,7.75,15.49,Sleeveless,Scoop,Midi Dress,Slim,Backless,Casual,Single,"Latina/Black, Caucasian",Size Chart,
CAPELLA APPAREL,BT5196,4.5,11.59,Short,Crew,Crop Top,Loose,"Drawstring, Tie",Casual,Single,Latina/Black,Size Chart,
CAPELLA APPAREL,BT5196X,5.75,13.59,Short,Crew,Crop Top,Loose,"Drawstring, Tie",Casual,Single,"Plus, Latina/Black",Size Chart,
CAPELLA APPAREL,BD5286,7.5,14.99,Sleeveless,V Neck,Maxi Dress,Slim,Slit,Sexy,Single,"Latina/Black, Caucasian",Size Chart,
OUTLET,BTS3520,7.75,15,Sleeveless,Spaghetti,"Crop Top, Midi Skirt",Slim,"Slit, Criss cross",Sexy,Single,Latina/Black,,
CAPELLA APPAREL,BTP3740,14.5,25,Long,Scoop,"Full, Long Top",Slim,,Lounge,Single,Latina/Black,,
CAPELLA APPAREL,BP5211,7.5,16.29,Sleeveless,Scoop,Full,Loose,"Exposed Seam, Wide Leg",Lounge,Single,Latina/Black,Size Chart,
CAPELLA APPAREL,BD5366,7.5,14.89,Sleeveless,Mock,Maxi Dress,Slim,Slit,Casual,Single,"Caucasian, Latina/Black",Size Chart,
CAPELLA APPAREL,BD5383,7.5,14.79,Sleeveless,Crew,Midi Dress,Regular,"Slit, Drawstring, Tie",Lounge,Single,"Caucasian, Latina/Black",Size Chart,5/30 outdoor pic
CAPELLA APPAREL,BT5360,6,12.99,Long,V Neck,,Slim,Ruched,Sexy,Single,Caucasian,Size Chart,
CAPELLA APPAREL,BT5282,7,14,Long,Hooded,Crop Top,Slim,"Drawstring, Button/Zipper",Casual,Single,Caucasian,Size Chart,
CAPELLA APPAREL,BP5283,5.5,12.89,,,Full,Slim,Drawstring,Casual,Single,Caucasian,,
CAPELLA APPAREL,BD5388,8.25,15.69,Long,High,Midi Dress,Slim,Slit,Casual,Single,Caucasian,,
CAPELLA APPAREL,BT5339,3.75,9.89,Long,Mock,Waist Top,Slim,"Graphic, Mesh",Sexy,Single,Latina/Black,,
CAPELLA APPAREL,BT3378,6,13.59,Long,High,,Slim,,Casual,Single,Latina/Black,Size Chart,
CAPELLA APPAREL,BT3468,4.75,10.89,Sleeveless,Spaghetti,,Slim,Criss cross,Sexy,Single,Latina/Black,Size Chart,
CAPELLA APPAREL,BTS3466,7.5,11.89,Sleeveless,Cami,"Crop Top, Midi Skirt",Slim,Slit,Sexy,Single,Latina/Black,Size Chart,6/11 outdoor pic
CAPELLA APPAREL,BD5361,9.5,15.79,Sleeveless,Round,Maxi Dress,Regular,"Button/Zipper, Tie, Drawstring",Lounge,Single,"Caucasian, Latina/Black",Size Chart,
CAPELLA APPAREL,BD3473,5.5,14,Sleeveless,One Shoulder,Midi Dress,Slim,Ruched,Sexy,Single,Latina/Black,,
CAPELLA APPAREL,BD3546,5,13.5,Sleeveless,Split,Midi Dress,Slim,Slit,Sexy,Single,Latina/Black,Size Chart,
CAPELLA APPAREL,BP3515,7,15,Sleeveless,One Shoulder,Full,Slim,,Casual,Single,Latina/Black,Size Chart,
OUTLET,BD5379,5.75,10.89,Sleeveless,High,Mini Dress,Slim,,Casual,Single,Caucasian,Size Chart,
CAPELLA APPAREL,BP3060,8.75,18,Sleeveless,Scoop,Full,Slim,Drawstring,Casual,Single,Latina/Black,Size Chart,
CAPELLA APPAREL,BT3500,5.5,11.89,Sleeveless,One Shoulder,,Slim,Cut Out,Sexy,Single,"Caucasian, Latina/Black",,
CAPELLA APPAREL,BD2962,6.75,15,Short,Crew,Midi Dress,Slim,,Casual,Single,Latina/Black,Size Chart,
CAPELLA APPAREL,BP5186,8.75,18,Sleeveless,Cowl,Full,Regular,"Wide Leg, Backless, Slit",Casual,Single,Caucasian,,
CAPELLA APPAREL,BTP3132,8.5,18,Sleeveless,Mock,"Crop Top, Full",Slim,,Casual,Single,Latina/Black,,
CAPELLA APPAREL,BP2842,7.5,16.5,Sleeveless,Cami,Full,Slim,"Criss cross, Backless",Sexy,Single,Latina/Black,,
CAPELLA APPAREL,BTP2978,13.5,24,Long,Jacket,"Long Top, Full",Regular,Drawstring,Lounge,Single,Latina/Black,Size Chart,6/11 outdoor pic
CAPELLA APPAREL,BTP2978X,13,26,Long,Jacket,"Long Top, Full",Regular,Drawstring,Lounge,Single,"Plus, Latina/Black",Size Chart,
CAPELLA APPAREL,BP3102,9.5,17,Long,Mock,Full,Slim,,Casual,Single,Latina/Black,,
CAPELLA APPAREL,BP3010,9.5,18.75,Short,Scoop,Full,Regular,"Drawstring, Pocket",Lounge,Single,Latina/Black,,
CAPELLA APPAREL,BP2985,7.75,17,Sleeveless,Halter,Full,Slim,,Sexy,Single,Latina/Black,,
CAPELLA APPAREL,BP2985X,9.75,20,Sleeveless,Halter,Full,Slim,,Sexy,Single,"Plus, Latina/Black",Size Chart,
CAPELLA APPAREL,BD2972,7.5,15.5,Short,V Neck,Mini Dress,Loose,Pocket,Lounge,Single,Latina/Black,,
CAPELLA APPAREL,BD3601,8,15,Long,Hooded,Mini Dress,Regular,"Pocket, Drawstring",Lounge,Single,Latina/Black,Size Chart,
CAPELLA APPAREL,BT3970,3.5,10.99,Sleeveless,Mock,Waist Top,Regular,Ruched,Casual,Single,Latina/Black,Size Chart,
OUTLET,BT3374,5.25,9.89,Long,V Neck,Crop Top,Slim,"Tie, Wrap",Sexy,Single,Latina/Black,Size Chart,6/6 outdoor pic
CAPELLA APPAREL,BD5367,8,16,Long,Mock,Midi Dress,Slim,,Casual,Single,Caucasian,Size Chart,
CAPELLA APPAREL,BD5386,8.75,15.89,Sleeveless,Scoop,Maxi Dress,Loose,Tier,Casual,Single,"Caucasian, Latina/Black",Size Chart,6/5 outdoor pic
CAPELLA APPAREL,BD5457,7.75,14.99,Short,V Neck,Maxi Dress,Loose,"Pocket, Slit",Lounge,Single,Caucasian,Size Chart,
CAPELLA APPAREL,ST32164,5,15.5,Long,Jacket,Waist Top,Regular,"Button/Zipper, Graphic",Casual,Single,"Caucasian, Latina/Black",Size Chart,
OUTLET,BP5252,5.5,10.89,Sleeveless,One Shoulder,Shorts,Loose,,Lounge,Single,Caucasian,Video,5/30 outdoor pic
CAPELLA APPAREL,BP5587,5.75,14,,,Full,Loose,Pocket,Casual,Single,Latina/Black,,
CAPELLA APPAREL,BP5587X,5.75,16,,,Full,Loose,Pocket,Casual,Single,"Plus, Caucasian",Size Chart,
CAPELLA APPAREL,BT5586,4.75,13,Long,Crew,Waist Top,Regular,,Casual,Single,"Latina/Black, Asian",Size Chart,
CAPELLA APPAREL,BT5586X,6.5,15,Long,Crew,Waist Top,Regular,,Casual,Single,"Plus, Caucasian",Size Chart,
CAPELLA APPAREL,BT5508,2.75,9.89,Sleeveless,One Shoulder,Crop Top,Slim,,Casual,Single,Latina/Black,Size Chart,
CAPELLA APPAREL,BT5505,2.75,9.89,Sleeveless,Halter,Waist Top,Slim,Backless,Casual,Single,Latina/Black,Size Chart,
CAPELLA APPAREL,BTP2961,6.5,11.59,Sleeveless,Cami,"Waist Top, Shorts",Regular,Drawstring,Casual,Single,Latina/Black,,6/5 outdoor pic
CAPELLA APPAREL,BT3143,5,10.59,Sleeveless,Spaghetti,Waist Top,Regular,"Shirred, Tier, Ruched",Casual,Single,Latina/Black,Size Chart,6/11 outdoor pic
CAPELLA APPAREL,BTP3153,6,,Sleeveless,Cami,"Crop Top, Shorts",Slim,Ruched,Casual,Single,Latina/Black,,
CAPELLA APPAREL,BTP3352,5.75,14,Sleeveless,Cami,"Waist Top, Shorts",Regular,,Casual,Single,Latina/Black,,6/5 outdoor pic
CAPELLA APPAREL,BTP3543,6,13.79,Sleeveless,Split,"Crop Top, Shorts",Regular,Button/Zipper,Lounge,Single,Latina/Black,,
CAPELLA APPAREL,BP3586,7.25,13.59,,,Full,Regular,Pocket,Casual,Single,Latina/Black,Size Chart,
CAPELLA APPAREL,BP5125,4.5,11.89,,,Full,Slim,,Casual,Single,Caucasian,Size Chart,
OUTLET,ST32131,5,10.59,Long,Round,Waist Top,Slim,Graphic,Casual,Single,Latina/Black,Size Chart,5/30 outdoor pic
CAPELLA APPAREL,BTP5351,14.5,18,Long,Scoop,"Crop Top, Long Top, Full",Regular,,Lounge,Single,"Caucasian, Latina/Black",,
CAPELLA APPAREL,AP81345,9.5,16,Sleeveless,Scoop,Full,Slim,Wide Leg,Activewear,Single,Caucasian,Size Chart,
CAPELLA APPAREL,AP81372,7.5,15,,,Full,Slim,Wide Leg,Activewear,Single,Caucasian,Size Chart,
CAPELLA APPAREL,AT31274,4,11,Sleeveless,Spaghetti,Crop Top,Slim,"Criss cross, Cut Out",Activewear,Single,Latina/Black,Size Chart,
CAPELLA APPAREL,AT41236,4.5,12.89,Sleeveless,Double Strap,Crop Top,Slim,Criss cross,Activewear,Single,Latina/Black,Size Chart,
CAPELLA APPAREL,AT61192,6.5,15,Short,Collar,,Slim,,Activewear,Single,Caucasian,,
CAPELLA APPAREL,BD3455X,7.5,10.59,Sleeveless,Split,Mini Dress,Slim,Slit,Casual,Single,"Plus, Latina/Black",Size Chart,
CAPELLA APPAREL,BP5566,3.5,12,,,Full,Slim,,Casual,Single,Latina/Black,Size Chart,
CAPELLA APPAREL,BP5566X,5,14,,,Full,Slim,,Casual,Single,"Plus, Latina/Black",Size Chart,
CAPELLA APPAREL,BD5457X,9.75,20,Short,V Neck,Maxi Dress,Loose,"Pocket, Slit",Lounge,Single,"Plus, Latina/Black",Size Chart,
CAPELLA APPAREL,BP2966,5.25,14,Sleeveless,Cami,Knee,Slim,,Casual,Single,Latina/Black,Size Chart,
CAPELLA APPAREL,BP2966X,6.5,15.5,Sleeveless,Cami,Knee,Slim,,Casual,Single,"Plus, Latina/Black",Size Chart,
CAPELLA APPAREL,BD5109X,7.5,15,Short,Split,Midi Dress,Slim,Slit,Casual,Single,"Plus, Latina/Black",Size Chart,
CAPELLA APPAREL,BTP5618,12,23,Sleeveless,Button,"Waist Top, Full",Regular,"Button/Zipper, Wide Leg, Pocket",Formal,Single,Asian,Size Chart,
CAPELLA APPAREL,BD5607,6.5,16,Short,Scoop,Mini Dress,Slim,Stripe,Casual,Single,Asian,Size Chart,
CAPELLA APPAREL,BTP5602,7,16,Short,Crew,"Crop Top, Shorts",Slim,Drawstring,Casual,Single,Asian,Size Chart,
CAPELLA APPAREL,BT5603,3,11,Sleeveless,Off Shoulder,Waist Top,Regular,Slit,Casual,Single,Asian,Size Chart,
CAPELLA APPAREL,BTP5606,9.5,18,Short,Round,"Crop Top, Full",Regular,Drawstring,Casual,Single,Asian,Size Chart,
CAPELLA APPAREL,BD5608,6,15,Sleeveless,Off Shoulder,Midi Dress,Slim,"Ruched, Slit",Casual,Single,Asian,Size Chart,
CAPELLA APPAREL,BTP5613,12,23,Sleeveless,Spaghetti,"Full, Crop Top",Regular,"Button/Zipper, Wide Leg, Pocket, Shirred",Formal,Single,Asian,Size Chart,
CAPELLA APPAREL,BTP5614,12,23,Sleeveless,Button,"Waist Top, Full",Regular,"Button/Zipper, Wide Leg, Pocket",Formal,Single,Asian,Size Chart,
